timestamp,signal,confidence,rf_signal,xgb_signal,lgb_signal,executed,blocked_by,current_price,atr
2026-02-23T11:15:52.446479+00:00,HOLD,56.2%,HOLD,HOLD,HOLD,False,confidence_gate,66415.43,514.1
2026-02-23T11:16:52.638713+00:00,HOLD,56.2%,HOLD,HOLD,HOLD,False,confidence_gate,66432.05,514.1
2026-02-23T11:17:52.865077+00:00,HOLD,56.2%,HOLD,HOLD,HOLD,False,confidence_gate,66426.57,514.1
2026-02-23T11:18:53.041169+00:00,HOLD,56.2%,HOLD,HOLD,HOLD,False,confidence_gate,66428.33,514.1
2026-02-23T11:19:53.243213+00:00,HOLD,56.2%,HOLD,HOLD,HOLD,False,confidence_gate,66448.93,514.1
2026-02-23T11:20:53.421052+00:00,HOLD,56.2%,HOLD,HOLD,HOLD,False,confidence_gate,66507.43,514.1
2026-02-23T11:21:53.585667+00:00,HOLD,56.2%,HOLD,HOLD,HOLD,False,confidence_gate,66398.41,514.1
2026-02-23T11:22:53.761257+00:00,HOLD,56.2%,HOLD,HOLD,HOLD,False,confidence_gate,66352.56,514.1
2026-02-23T11:23:53.922501+00:00,HOLD,56.2%,HOLD,HOLD,HOLD,False,confidence_gate,66344.02,514.1
2026-02-23T11:24:54.124404+00:00,HOLD,56.2%,HOLD,HOLD,HOLD,False,confidence_gate,66328.71,514.1
2026-02-23T11:25:54.314183+00:00,HOLD,56.2%,HOLD,HOLD,HOLD,False,confidence_gate,66323.92,514.1
2026-02-23T11:26:54.492624+00:00,HOLD,56.2%,HOLD,HOLD,HOLD,False,confidence_gate,66332.88,514.1
2026-02-23T11:27:54.666146+00:00,HOLD,56.2%,HOLD,HOLD,HOLD,False,confidence_gate,66332.48,514.1
2026-02-23T11:28:54.824492+00:00,HOLD,56.2%,HOLD,HOLD,HOLD,False,confidence_gate,66335.27,514.1
2026-02-23T11:29:54.998472+00:00,HOLD,56.2%,HOLD,HOLD,HOLD,False,confidence_gate,66309.78,514.1
2026-02-23T11:30:55.143148+00:00,HOLD,56.2%,HOLD,HOLD,HOLD,False,confidence_gate,66279.86,514.1
2026-02-23T11:31:55.335614+00:00,HOLD,56.2%,HOLD,HOLD,HOLD,False,confidence_gate,66274.74,514.1
2026-02-23T11:32:55.521768+00:00,HOLD,56.2%,HOLD,HOLD,HOLD,False,confidence_gate,66299.30,514.1
2026-02-23T11:33:55.707274+00:00,HOLD,56.2%,HOLD,HOLD,HOLD,False,confidence_gate,66225.74,514.1
2026-02-23T11:34:55.902503+00:00,HOLD,56.2%,HOLD,HOLD,HOLD,False,confidence_gate,66279.52,514.1
2026-02-23T11:35:56.106273+00:00,HOLD,56.2%,HOLD,HOLD,HOLD,False,confidence_gate,66270.15,514.1
2026-02-23T11:36:56.295511+00:00,HOLD,56.2%,HOLD,HOLD,HOLD,False,confidence_gate,66205.11,514.1
2026-02-23T11:37:56.481927+00:00,HOLD,56.2%,HOLD,HOLD,HOLD,False,confidence_gate,66185.24,514.1
2026-02-23T11:38:56.679207+00:00,HOLD,56.2%,HOLD,HOLD,HOLD,False,confidence_gate,66168.25,514.1
2026-02-23T11:39:56.857505+00:00,HOLD,56.2%,HOLD,HOLD,HOLD,False,confidence_gate,66176.14,514.1
2026-02-23T11:40:57.049746+00:00,HOLD,56.2%,HOLD,HOLD,HOLD,False,confidence_gate,66173.13,514.1
2026-02-23T11:41:57.278719+00:00,HOLD,56.2%,HOLD,HOLD,HOLD,False,confidence_gate,66130.45,514.1
2026-02-23T11:42:57.541742+00:00,HOLD,56.2%,HOLD,HOLD,HOLD,False,confidence_gate,66134.32,514.1
2026-02-23T11:43:57.736928+00:00,HOLD,56.2%,HOLD,HOLD,HOLD,False,confidence_gate,66128.86,514.1
2026-02-23T11:44:57.905696+00:00,HOLD,56.2%,HOLD,HOLD,HOLD,False,confidence_gate,66130.46,514.1
2026-02-23T11:45:58.113694+00:00,HOLD,56.2%,HOLD,HOLD,HOLD,False,confidence_gate,66183.00,514.1
2026-02-23T11:46:58.326975+00:00,HOLD,56.2%,HOLD,HOLD,HOLD,False,confidence_gate,66119.73,514.1
2026-02-23T11:47:58.522532+00:00,HOLD,56.2%,HOLD,HOLD,HOLD,False,confidence_gate,66134.53,514.1
2026-02-23T11:48:58.697463+00:00,HOLD,56.2%,HOLD,HOLD,HOLD,False,confidence_gate,66151.77,514.1
2026-02-23T11:49:58.898779+00:00,HOLD,56.2%,HOLD,HOLD,HOLD,False,confidence_gate,66143.00,514.1
2026-02-23T11:50:59.093847+00:00,HOLD,56.2%,HOLD,HOLD,HOLD,False,confidence_gate,66200.49,514.1
2026-02-23T11:51:59.348524+00:00,HOLD,56.2%,HOLD,HOLD,HOLD,False,confidence_gate,66182.80,514.1
2026-02-23T11:52:59.535858+00:00,HOLD,56.2%,HOLD,HOLD,HOLD,False,confidence_gate,66196.36,514.1
2026-02-23T11:53:59.691513+00:00,HOLD,56.2%,HOLD,HOLD,HOLD,False,confidence_gate,66193.72,514.1
2026-02-23T11:54:59.877076+00:00,HOLD,56.2%,HOLD,HOLD,HOLD,False,confidence_gate,66169.78,514.1
2026-02-23T11:56:00.084247+00:00,HOLD,56.2%,HOLD,HOLD,HOLD,False,confidence_gate,66187.61,514.1
2026-02-23T11:57:00.284024+00:00,HOLD,56.2%,HOLD,HOLD,HOLD,False,confidence_gate,66180.08,514.1
2026-02-23T11:58:00.434134+00:00,HOLD,56.2%,HOLD,HOLD,HOLD,False,confidence_gate,66197.13,514.1
2026-02-23T11:59:00.608404+00:00,HOLD,56.2%,HOLD,HOLD,HOLD,False,confidence_gate,66186.64,514.1
2026-02-23T12:00:01.657017+00:00,HOLD,56.2%,HOLD,HOLD,HOLD,False,confidence_gate,66204.71,514.1
2026-02-23T12:01:01.859020+00:00,HOLD,56.2%,HOLD,HOLD,HOLD,False,confidence_gate,66204.96,514.1
2026-02-23T12:02:02.057564+00:00,HOLD,56.2%,HOLD,HOLD,HOLD,False,confidence_gate,66212.04,514.1
2026-02-23T12:03:02.284633+00:00,HOLD,56.2%,HOLD,HOLD,HOLD,False,confidence_gate,66191.41,514.1
2026-02-23T12:04:02.490903+00:00,HOLD,56.2%,HOLD,HOLD,HOLD,False,confidence_gate,66177.63,514.1
2026-02-23T12:05:02.689015+00:00,HOLD,56.2%,HOLD,HOLD,HOLD,False,confidence_gate,66183.47,514.1
2026-02-23T12:06:02.867819+00:00,HOLD,56.2%,HOLD,HOLD,HOLD,False,confidence_gate,66199.31,514.1
2026-02-23T12:07:03.050789+00:00,HOLD,56.2%,HOLD,HOLD,HOLD,False,confidence_gate,66189.02,514.1
2026-02-23T12:08:03.232659+00:00,HOLD,56.2%,HOLD,HOLD,HOLD,False,confidence_gate,66243.56,514.1
2026-02-23T12:09:03.416639+00:00,HOLD,56.2%,HOLD,HOLD,HOLD,False,confidence_gate,66257.11,514.1
2026-02-23T12:10:03.564443+00:00,HOLD,55.4%,HOLD,HOLD,HOLD,False,confidence_gate,66192.93,555.1
2026-02-23T12:11:03.742004+00:00,HOLD,55.4%,HOLD,HOLD,HOLD,False,confidence_gate,66209.35,555.1
2026-02-23T12:12:03.918766+00:00,HOLD,55.4%,HOLD,HOLD,HOLD,False,confidence_gate,66210.69,555.1
2026-02-23T12:13:04.088837+00:00,HOLD,55.4%,HOLD,HOLD,HOLD,False,confidence_gate,66233.24,555.1
2026-02-23T12:14:04.283374+00:00,HOLD,55.4%,HOLD,HOLD,HOLD,False,confidence_gate,66217.29,555.1
2026-02-23T12:15:04.465878+00:00,HOLD,55.4%,HOLD,HOLD,HOLD,False,confidence_gate,66234.03,555.1
2026-02-23T12:16:04.722571+00:00,HOLD,55.4%,HOLD,HOLD,HOLD,False,confidence_gate,66221.57,555.1
2026-02-23T12:17:04.921825+00:00,HOLD,55.4%,HOLD,HOLD,HOLD,False,confidence_gate,66212.54,555.1
2026-02-23T12:18:05.140311+00:00,HOLD,55.4%,HOLD,HOLD,HOLD,False,confidence_gate,66191.07,555.1
2026-02-23T12:19:05.305133+00:00,HOLD,55.4%,HOLD,HOLD,HOLD,False,confidence_gate,66223.36,555.1
2026-02-23T12:20:05.476258+00:00,HOLD,55.4%,HOLD,HOLD,HOLD,False,confidence_gate,66175.34,555.1
2026-02-23T12:21:05.664523+00:00,HOLD,55.4%,HOLD,HOLD,HOLD,False,confidence_gate,66114.77,555.1
2026-02-23T12:22:05.849343+00:00,HOLD,55.4%,HOLD,HOLD,HOLD,False,confidence_gate,66067.88,555.1
2026-02-23T12:23:06.043642+00:00,HOLD,55.4%,HOLD,HOLD,HOLD,False,confidence_gate,66103.47,555.1
2026-02-23T12:24:06.225811+00:00,HOLD,55.4%,HOLD,HOLD,HOLD,False,confidence_gate,66094.39,555.1
2026-02-23T12:25:06.410644+00:00,HOLD,55.4%,HOLD,HOLD,HOLD,False,confidence_gate,66113.11,555.1
2026-02-23T12:26:06.585372+00:00,HOLD,55.4%,HOLD,HOLD,HOLD,False,confidence_gate,66159.56,555.1
2026-02-23T12:27:08.021336+00:00,HOLD,55.4%,HOLD,HOLD,HOLD,False,confidence_gate,66156.82,555.1
2026-02-23T12:28:08.211172+00:00,HOLD,55.4%,HOLD,HOLD,HOLD,False,confidence_gate,66143.44,555.1
2026-02-23T12:29:08.402072+00:00,HOLD,55.4%,HOLD,HOLD,HOLD,False,confidence_gate,66137.16,555.1
2026-02-23T12:30:08.593662+00:00,HOLD,55.4%,HOLD,HOLD,HOLD,False,confidence_gate,66135.79,555.1
2026-02-23T12:31:08.771208+00:00,HOLD,55.4%,HOLD,HOLD,HOLD,False,confidence_gate,66087.03,555.1
2026-02-23T12:32:16.001202+00:00,HOLD,55.4%,HOLD,HOLD,HOLD,False,confidence_gate,66006.67,555.1
2026-02-23T12:33:16.189450+00:00,HOLD,55.4%,HOLD,HOLD,HOLD,False,confidence_gate,65969.54,555.1
2026-02-23T12:34:16.391028+00:00,HOLD,55.4%,HOLD,HOLD,HOLD,False,confidence_gate,65894.34,555.1
2026-02-23T12:35:16.585162+00:00,HOLD,55.4%,HOLD,HOLD,HOLD,False,confidence_gate,66001.23,555.1
2026-02-23T12:36:16.788248+00:00,HOLD,55.4%,HOLD,HOLD,HOLD,False,confidence_gate,66128.19,555.1
2026-02-23T12:37:16.991730+00:00,HOLD,55.4%,HOLD,HOLD,HOLD,False,confidence_gate,66183.59,555.1
2026-02-23T12:38:17.206925+00:00,HOLD,55.4%,HOLD,HOLD,HOLD,False,confidence_gate,66342.92,555.1
2026-02-23T12:39:17.426375+00:00,HOLD,55.4%,HOLD,HOLD,HOLD,False,confidence_gate,66265.38,555.1
2026-02-23T12:40:17.636541+00:00,HOLD,55.4%,HOLD,HOLD,HOLD,False,confidence_gate,66272.78,555.1
2026-02-23T12:41:17.834456+00:00,HOLD,55.4%,HOLD,HOLD,HOLD,False,confidence_gate,66298.28,555.1
2026-02-23T12:42:18.022885+00:00,HOLD,55.4%,HOLD,HOLD,HOLD,False,confidence_gate,66255.32,555.1
2026-02-23T12:43:18.217374+00:00,HOLD,55.4%,HOLD,HOLD,HOLD,False,confidence_gate,66274.26,555.1
2026-02-23T12:44:18.430909+00:00,HOLD,55.4%,HOLD,HOLD,HOLD,False,confidence_gate,66449.53,555.1
2026-02-23T12:45:18.624752+00:00,HOLD,55.4%,HOLD,HOLD,HOLD,False,confidence_gate,66380.13,555.1
2026-02-23T12:46:18.821713+00:00,HOLD,55.4%,HOLD,HOLD,HOLD,False,confidence_gate,66408.12,555.1
2026-02-23T12:47:19.021507+00:00,HOLD,55.4%,HOLD,HOLD,HOLD,False,confidence_gate,66472.99,555.1
2026-02-23T12:48:19.186377+00:00,HOLD,55.4%,HOLD,HOLD,HOLD,False,confidence_gate,66443.07,555.1
2026-02-23T12:49:19.375788+00:00,HOLD,55.4%,HOLD,HOLD,HOLD,False,confidence_gate,66344.80,555.1
2026-02-23T12:50:19.547464+00:00,HOLD,55.4%,HOLD,HOLD,HOLD,False,confidence_gate,66316.99,555.1
2026-02-23T12:51:19.741094+00:00,HOLD,55.4%,HOLD,HOLD,HOLD,False,confidence_gate,66374.74,555.1
2026-02-23T12:52:19.925940+00:00,HOLD,55.4%,HOLD,HOLD,HOLD,False,confidence_gate,66343.96,555.1
2026-02-23T12:53:20.090081+00:00,HOLD,55.4%,HOLD,HOLD,HOLD,False,confidence_gate,66351.68,555.1
2026-02-23T12:54:20.276055+00:00,HOLD,55.4%,HOLD,HOLD,HOLD,False,confidence_gate,66346.36,555.1
2026-02-23T12:55:20.463263+00:00,HOLD,55.4%,HOLD,HOLD,HOLD,False,confidence_gate,66325.20,555.1
2026-02-23T12:56:20.652537+00:00,HOLD,55.4%,HOLD,HOLD,HOLD,False,confidence_gate,66348.09,555.1
2026-02-23T12:57:20.822194+00:00,HOLD,55.4%,HOLD,HOLD,HOLD,False,confidence_gate,66253.11,555.1
2026-02-23T12:58:20.995494+00:00,HOLD,55.4%,HOLD,HOLD,HOLD,False,confidence_gate,66255.24,555.1
2026-02-23T12:59:21.184765+00:00,HOLD,55.4%,HOLD,HOLD,HOLD,False,confidence_gate,66251.70,555.1
2026-02-23T13:00:22.193951+00:00,HOLD,55.4%,HOLD,HOLD,HOLD,False,confidence_gate,66286.48,555.1
2026-02-23T13:01:22.395844+00:00,HOLD,55.4%,HOLD,HOLD,HOLD,False,confidence_gate,66300.56,555.1
2026-02-23T13:02:22.591760+00:00,HOLD,55.4%,HOLD,HOLD,HOLD,False,confidence_gate,66304.34,555.1
2026-02-23T13:03:22.827852+00:00,HOLD,55.4%,HOLD,HOLD,HOLD,False,confidence_gate,66268.94,555.1
2026-02-23T13:04:23.013092+00:00,HOLD,55.4%,HOLD,HOLD,HOLD,False,confidence_gate,66265.82,555.1
2026-02-23T13:05:23.196979+00:00,HOLD,55.4%,HOLD,HOLD,HOLD,False,confidence_gate,66278.11,555.1
2026-02-23T13:06:23.419106+00:00,HOLD,55.4%,HOLD,HOLD,HOLD,False,confidence_gate,66262.55,555.1
2026-02-23T13:07:23.611240+00:00,HOLD,55.4%,HOLD,HOLD,HOLD,False,confidence_gate,66279.88,555.1
2026-02-23T13:08:23.844752+00:00,HOLD,55.4%,HOLD,HOLD,HOLD,False,confidence_gate,66344.81,555.1
2026-02-23T13:09:24.038201+00:00,HOLD,55.4%,HOLD,HOLD,HOLD,False,confidence_gate,66351.09,555.1
2026-02-23T13:10:24.230204+00:00,HOLD,56.3%,HOLD,HOLD,HOLD,False,confidence_gate,66332.37,547.9
2026-02-23T13:11:24.417191+00:00,HOLD,56.3%,HOLD,HOLD,HOLD,False,confidence_gate,66322.07,547.9
2026-02-23T13:12:24.593415+00:00,HOLD,56.3%,HOLD,HOLD,HOLD,False,confidence_gate,66303.14,547.9
2026-02-23T13:13:24.756463+00:00,HOLD,56.3%,HOLD,HOLD,HOLD,False,confidence_gate,66230.21,547.9
2026-02-23T13:14:24.893867+00:00,HOLD,56.3%,HOLD,HOLD,HOLD,False,confidence_gate,66211.47,547.9
2026-02-23T13:15:25.076444+00:00,HOLD,56.3%,HOLD,HOLD,HOLD,False,confidence_gate,66219.58,547.9
2026-02-23T13:16:25.350994+00:00,HOLD,56.3%,HOLD,HOLD,HOLD,False,confidence_gate,66202.51,547.9
2026-02-23T13:17:25.546392+00:00,HOLD,56.3%,HOLD,HOLD,HOLD,False,confidence_gate,66214.72,547.9
2026-02-23T13:18:25.794548+00:00,HOLD,56.3%,HOLD,HOLD,HOLD,False,confidence_gate,66147.33,547.9
2026-02-23T13:19:25.987398+00:00,HOLD,56.3%,HOLD,HOLD,HOLD,False,confidence_gate,66185.84,547.9
2026-02-23T13:20:26.182027+00:00,HOLD,56.3%,HOLD,HOLD,HOLD,False,confidence_gate,66210.49,547.9
2026-02-23T13:21:26.381096+00:00,HOLD,56.3%,HOLD,HOLD,HOLD,False,confidence_gate,66216.04,547.9
2026-02-23T13:22:26.578871+00:00,HOLD,56.3%,HOLD,HOLD,HOLD,False,confidence_gate,66211.28,547.9
2026-02-23T13:23:26.765757+00:00,HOLD,56.3%,HOLD,HOLD,HOLD,False,confidence_gate,66194.66,547.9
2026-02-23T13:24:26.959679+00:00,HOLD,56.3%,HOLD,HOLD,HOLD,False,confidence_gate,66197.75,547.9
2026-02-23T13:25:27.179621+00:00,HOLD,56.3%,HOLD,HOLD,HOLD,False,confidence_gate,66209.70,547.9
2026-02-23T13:26:27.372231+00:00,HOLD,56.3%,HOLD,HOLD,HOLD,False,confidence_gate,66146.20,547.9
2026-02-23T13:27:27.559320+00:00,HOLD,56.3%,HOLD,HOLD,HOLD,False,confidence_gate,66173.83,547.9
2026-02-23T13:28:27.749087+00:00,HOLD,56.3%,HOLD,HOLD,HOLD,False,confidence_gate,66246.57,547.9
2026-02-23T13:29:27.929626+00:00,HOLD,56.3%,HOLD,HOLD,HOLD,False,confidence_gate,66240.30,547.9
2026-02-23T13:30:28.119490+00:00,HOLD,56.3%,HOLD,HOLD,HOLD,False,confidence_gate,66221.48,547.9
2026-02-23T13:31:28.339550+00:00,HOLD,56.3%,HOLD,HOLD,HOLD,False,confidence_gate,66256.46,547.9
2026-02-23T13:32:28.529765+00:00,HOLD,56.3%,HOLD,HOLD,HOLD,False,confidence_gate,66202.21,547.9
2026-02-23T13:33:28.712584+00:00,HOLD,56.3%,HOLD,HOLD,HOLD,False,confidence_gate,66247.72,547.9
2026-02-23T13:34:28.897361+00:00,HOLD,56.3%,HOLD,HOLD,HOLD,False,confidence_gate,66211.10,547.9
2026-02-23T13:35:29.083456+00:00,HOLD,56.3%,HOLD,HOLD,HOLD,False,confidence_gate,66218.39,547.9
2026-02-23T13:36:29.284813+00:00,HOLD,56.3%,HOLD,HOLD,HOLD,False,confidence_gate,66225.86,547.9
2026-02-23T13:37:29.477447+00:00,HOLD,56.3%,HOLD,HOLD,HOLD,False,confidence_gate,66183.84,547.9
2026-02-23T13:38:29.672016+00:00,HOLD,56.3%,HOLD,HOLD,HOLD,False,confidence_gate,66168.48,547.9
2026-02-23T13:39:29.883305+00:00,HOLD,56.3%,HOLD,HOLD,HOLD,False,confidence_gate,66158.29,547.9
2026-02-23T13:40:30.080020+00:00,HOLD,56.3%,HOLD,HOLD,HOLD,False,confidence_gate,66222.13,547.9
2026-02-23T13:41:30.283373+00:00,HOLD,56.3%,HOLD,HOLD,HOLD,False,confidence_gate,66224.10,547.9
2026-02-23T13:42:30.486410+00:00,HOLD,56.3%,HOLD,HOLD,HOLD,False,confidence_gate,66256.36,547.9
2026-02-23T13:43:30.693252+00:00,HOLD,56.3%,HOLD,HOLD,HOLD,False,confidence_gate,66402.45,547.9
2026-02-23T13:44:30.886584+00:00,HOLD,56.3%,HOLD,HOLD,HOLD,False,confidence_gate,66333.53,547.9
2026-02-23T13:45:31.070109+00:00,HOLD,56.3%,HOLD,HOLD,HOLD,False,confidence_gate,66335.76,547.9
2026-02-23T13:46:31.224384+00:00,HOLD,56.3%,HOLD,HOLD,HOLD,False,confidence_gate,66334.17,547.9
2026-02-23T13:47:31.453213+00:00,HOLD,56.3%,HOLD,HOLD,HOLD,False,confidence_gate,66327.70,547.9
2026-02-23T13:48:31.622896+00:00,HOLD,56.3%,HOLD,HOLD,HOLD,False,confidence_gate,66324.41,547.9
2026-02-23T13:49:31.803923+00:00,HOLD,56.3%,HOLD,HOLD,HOLD,False,confidence_gate,66370.23,547.9
2026-02-23T13:50:31.973553+00:00,HOLD,56.3%,HOLD,HOLD,HOLD,False,confidence_gate,66353.25,547.9
2026-02-23T13:51:32.165779+00:00,HOLD,56.3%,HOLD,HOLD,HOLD,False,confidence_gate,66330.78,547.9
2026-02-23T13:52:32.396902+00:00,HOLD,56.3%,HOLD,HOLD,HOLD,False,confidence_gate,66333.00,547.9
2026-02-23T13:53:32.581888+00:00,HOLD,56.3%,HOLD,HOLD,HOLD,False,confidence_gate,66362.50,547.9
2026-02-23T13:54:32.747672+00:00,HOLD,56.3%,HOLD,HOLD,HOLD,False,confidence_gate,66311.82,547.9
2026-02-23T13:55:32.945754+00:00,HOLD,56.3%,HOLD,HOLD,HOLD,False,confidence_gate,66179.37,547.9
2026-02-23T13:56:33.124720+00:00,HOLD,56.3%,HOLD,HOLD,HOLD,False,confidence_gate,66167.56,547.9
2026-02-23T13:57:33.309765+00:00,HOLD,56.3%,HOLD,HOLD,HOLD,False,confidence_gate,66161.05,547.9
2026-02-23T13:58:33.480553+00:00,HOLD,56.3%,HOLD,HOLD,HOLD,False,confidence_gate,66117.05,547.9
2026-02-23T13:59:33.648553+00:00,HOLD,56.3%,HOLD,HOLD,HOLD,False,confidence_gate,66136.91,547.9
2026-02-23T14:00:34.802942+00:00,HOLD,56.3%,HOLD,HOLD,HOLD,False,confidence_gate,66174.73,547.9
2026-02-23T14:01:34.970156+00:00,HOLD,56.3%,HOLD,HOLD,HOLD,False,confidence_gate,66177.00,547.9
2026-02-23T14:02:35.179989+00:00,HOLD,56.3%,HOLD,HOLD,HOLD,False,confidence_gate,66182.55,547.9
2026-02-23T14:03:35.369567+00:00,HOLD,56.3%,HOLD,HOLD,HOLD,False,confidence_gate,66119.81,547.9
2026-02-23T14:04:35.570237+00:00,HOLD,56.3%,HOLD,HOLD,HOLD,False,confidence_gate,66168.81,547.9
2026-02-23T14:05:35.750946+00:00,HOLD,56.3%,HOLD,HOLD,HOLD,False,confidence_gate,66227.93,547.9
2026-02-23T14:06:35.933636+00:00,HOLD,56.3%,HOLD,HOLD,HOLD,False,confidence_gate,66239.08,547.9
2026-02-23T14:07:36.148022+00:00,HOLD,56.3%,HOLD,HOLD,HOLD,False,confidence_gate,66224.32,547.9
2026-02-23T14:08:36.385134+00:00,HOLD,56.3%,HOLD,HOLD,HOLD,False,confidence_gate,66255.39,547.9
2026-02-23T14:09:36.563634+00:00,HOLD,56.3%,HOLD,HOLD,HOLD,False,confidence_gate,66233.83,547.9
2026-02-23T14:10:36.735035+00:00,HOLD,62.1%,HOLD,BUY,HOLD,False,confidence_gate,66247.51,566.7
2026-02-23T14:11:36.904083+00:00,HOLD,62.1%,HOLD,BUY,HOLD,False,confidence_gate,66263.43,566.7
2026-02-23T14:12:37.083243+00:00,HOLD,62.1%,HOLD,BUY,HOLD,False,confidence_gate,66201.82,566.7
2026-02-23T14:13:37.260540+00:00,HOLD,62.1%,HOLD,BUY,HOLD,False,confidence_gate,66242.50,566.7
2026-02-23T14:14:37.519320+00:00,HOLD,62.1%,HOLD,BUY,HOLD,False,confidence_gate,66257.09,566.7
2026-02-23T14:15:37.710386+00:00,HOLD,62.1%,HOLD,BUY,HOLD,False,confidence_gate,66239.25,566.7
2026-02-23T14:16:37.971116+00:00,HOLD,62.1%,HOLD,BUY,HOLD,False,confidence_gate,66200.48,566.7
2026-02-23T14:17:38.156781+00:00,HOLD,62.1%,HOLD,BUY,HOLD,False,confidence_gate,66208.41,566.7
2026-02-23T14:18:38.372621+00:00,HOLD,62.1%,HOLD,BUY,HOLD,False,confidence_gate,66172.58,566.7
2026-02-23T14:19:38.556347+00:00,HOLD,62.1%,HOLD,BUY,HOLD,False,confidence_gate,66134.99,566.7
2026-02-23T14:20:38.748967+00:00,HOLD,62.1%,HOLD,BUY,HOLD,False,confidence_gate,66120.07,566.7
2026-02-23T14:21:38.926282+00:00,HOLD,62.1%,HOLD,BUY,HOLD,False,confidence_gate,66110.42,566.7
2026-02-23T14:22:39.121477+00:00,HOLD,62.1%,HOLD,BUY,HOLD,False,confidence_gate,66085.10,566.7
2026-02-23T14:23:39.291716+00:00,HOLD,62.1%,HOLD,BUY,HOLD,False,confidence_gate,66074.14,566.7
2026-02-23T14:24:39.504425+00:00,HOLD,62.1%,HOLD,BUY,HOLD,False,confidence_gate,66057.75,566.7
2026-02-23T14:25:39.697242+00:00,HOLD,62.1%,HOLD,BUY,HOLD,False,confidence_gate,66093.12,566.7
2026-02-23T14:26:39.900755+00:00,HOLD,62.1%,HOLD,BUY,HOLD,False,confidence_gate,66091.64,566.7
2026-02-23T14:27:40.096863+00:00,HOLD,62.1%,HOLD,BUY,HOLD,False,confidence_gate,66079.78,566.7
2026-02-23T14:28:40.283889+00:00,HOLD,62.1%,HOLD,BUY,HOLD,False,confidence_gate,66080.78,566.7
2026-02-23T14:29:40.451379+00:00,HOLD,62.1%,HOLD,BUY,HOLD,False,confidence_gate,66091.46,566.7
2026-02-23T14:30:40.643621+00:00,HOLD,62.1%,HOLD,BUY,HOLD,False,confidence_gate,66182.21,566.7
2026-02-23T14:31:40.823689+00:00,HOLD,62.1%,HOLD,BUY,HOLD,False,confidence_gate,66172.50,566.7
2026-02-23T14:32:41.006564+00:00,HOLD,62.1%,HOLD,BUY,HOLD,False,confidence_gate,66165.65,566.7
2026-02-23T14:33:41.175560+00:00,HOLD,62.1%,HOLD,BUY,HOLD,False,confidence_gate,66147.50,566.7
2026-02-23T14:34:41.360584+00:00,HOLD,62.1%,HOLD,BUY,HOLD,False,confidence_gate,65994.65,566.7
2026-02-23T14:35:41.533778+00:00,HOLD,62.1%,HOLD,BUY,HOLD,False,confidence_gate,66092.71,566.7
2026-02-23T14:36:41.709844+00:00,HOLD,62.1%,HOLD,BUY,HOLD,False,confidence_gate,65965.64,566.7
2026-02-23T14:37:41.905602+00:00,HOLD,62.1%,HOLD,BUY,HOLD,False,confidence_gate,65841.96,566.7
2026-02-23T14:38:42.083592+00:00,HOLD,62.1%,HOLD,BUY,HOLD,False,confidence_gate,65892.37,566.7
2026-02-23T14:39:42.269763+00:00,HOLD,62.1%,HOLD,BUY,HOLD,False,confidence_gate,65842.31,566.7
2026-02-23T14:40:42.467675+00:00,HOLD,62.1%,HOLD,BUY,HOLD,False,confidence_gate,65707.76,566.7
2026-02-23T14:41:42.664994+00:00,HOLD,62.1%,HOLD,BUY,HOLD,False,confidence_gate,65588.95,566.7
2026-02-23T14:42:42.867624+00:00,HOLD,62.1%,HOLD,BUY,HOLD,False,confidence_gate,65660.75,566.7
2026-02-23T14:43:43.061531+00:00,HOLD,62.1%,HOLD,BUY,HOLD,False,confidence_gate,65686.50,566.7
2026-02-23T14:44:43.261968+00:00,HOLD,62.1%,HOLD,BUY,HOLD,False,confidence_gate,65875.75,566.7
2026-02-23T14:45:43.468845+00:00,HOLD,62.1%,HOLD,BUY,HOLD,False,confidence_gate,65919.03,566.7
2026-02-23T14:46:43.661661+00:00,HOLD,62.1%,HOLD,BUY,HOLD,False,confidence_gate,65776.08,566.7
2026-02-23T14:47:43.853560+00:00,HOLD,62.1%,HOLD,BUY,HOLD,False,confidence_gate,65960.77,566.7
2026-02-23T14:48:44.070347+00:00,HOLD,62.1%,HOLD,BUY,HOLD,False,confidence_gate,65851.61,566.7
2026-02-23T14:49:44.331515+00:00,HOLD,62.1%,HOLD,BUY,HOLD,False,confidence_gate,65657.35,566.7
2026-02-23T14:50:44.567140+00:00,HOLD,62.1%,HOLD,BUY,HOLD,False,confidence_gate,65848.61,566.7
2026-02-23T14:51:44.793382+00:00,HOLD,62.1%,HOLD,BUY,HOLD,False,confidence_gate,66066.27,566.7
2026-02-23T14:52:44.988142+00:00,HOLD,62.1%,HOLD,BUY,HOLD,False,confidence_gate,65970.82,566.7
2026-02-23T14:53:45.195720+00:00,HOLD,62.1%,HOLD,BUY,HOLD,False,confidence_gate,66060.70,566.7
2026-02-23T14:54:45.400055+00:00,HOLD,62.1%,HOLD,BUY,HOLD,False,confidence_gate,65970.19,566.7
2026-02-23T14:55:45.600921+00:00,HOLD,62.1%,HOLD,BUY,HOLD,False,confidence_gate,66001.13,566.7
2026-02-23T14:56:45.773428+00:00,HOLD,62.1%,HOLD,BUY,HOLD,False,confidence_gate,65998.48,566.7
2026-02-23T14:57:45.939520+00:00,HOLD,62.1%,HOLD,BUY,HOLD,False,confidence_gate,66024.05,566.7
2026-02-23T14:58:46.133446+00:00,HOLD,62.1%,HOLD,BUY,HOLD,False,confidence_gate,65902.55,566.7
2026-02-23T14:59:46.337145+00:00,HOLD,62.1%,HOLD,BUY,HOLD,False,confidence_gate,65945.22,566.7
2026-02-23T15:00:47.488852+00:00,HOLD,62.1%,HOLD,BUY,HOLD,False,confidence_gate,65970.50,566.7
2026-02-23T15:01:47.684329+00:00,HOLD,62.1%,HOLD,BUY,HOLD,False,confidence_gate,66010.76,566.7
2026-02-23T15:02:47.878357+00:00,HOLD,62.1%,HOLD,BUY,HOLD,False,confidence_gate,65919.09,566.7
2026-02-23T15:03:48.064524+00:00,HOLD,62.1%,HOLD,BUY,HOLD,False,confidence_gate,65795.38,566.7
2026-02-23T15:04:48.288770+00:00,HOLD,62.1%,HOLD,BUY,HOLD,False,confidence_gate,65743.27,566.7
2026-02-23T15:05:48.478656+00:00,HOLD,62.1%,HOLD,BUY,HOLD,False,confidence_gate,65730.01,566.7
2026-02-23T15:06:48.664853+00:00,HOLD,62.1%,HOLD,BUY,HOLD,False,confidence_gate,65911.69,566.7
2026-02-23T15:07:48.855487+00:00,HOLD,62.1%,HOLD,BUY,HOLD,False,confidence_gate,65855.14,566.7
2026-02-23T15:08:49.045117+00:00,HOLD,62.1%,HOLD,BUY,HOLD,False,confidence_gate,65813.84,566.7
2026-02-23T15:09:49.220740+00:00,HOLD,62.1%,HOLD,BUY,HOLD,False,confidence_gate,65821.15,566.7
2026-02-23T15:10:49.418777+00:00,HOLD,55.7%,HOLD,HOLD,HOLD,False,confidence_gate,65957.69,616.2
2026-02-23T15:11:49.584553+00:00,HOLD,55.7%,HOLD,HOLD,HOLD,False,confidence_gate,65984.31,616.2
2026-02-23T15:12:49.805195+00:00,HOLD,55.7%,HOLD,HOLD,HOLD,False,confidence_gate,65884.07,616.2
2026-02-23T15:13:49.995171+00:00,HOLD,55.7%,HOLD,HOLD,HOLD,False,confidence_gate,65946.24,616.2
2026-02-23T15:14:50.168129+00:00,HOLD,55.7%,HOLD,HOLD,HOLD,False,confidence_gate,65918.35,616.2
2026-02-23T15:15:50.376014+00:00,HOLD,55.7%,HOLD,HOLD,HOLD,False,confidence_gate,65918.36,616.2
2026-02-23T15:16:50.639406+00:00,HOLD,55.7%,HOLD,HOLD,HOLD,False,confidence_gate,65963.13,616.2
2026-02-23T15:17:50.800543+00:00,HOLD,55.7%,HOLD,HOLD,HOLD,False,confidence_gate,66185.87,616.2
2026-02-23T15:18:51.005255+00:00,HOLD,55.7%,HOLD,HOLD,HOLD,False,confidence_gate,66158.01,616.2
2026-02-23T15:19:51.193385+00:00,HOLD,55.7%,HOLD,HOLD,HOLD,False,confidence_gate,66022.20,616.2
2026-02-23T15:20:51.394804+00:00,HOLD,55.7%,HOLD,HOLD,HOLD,False,confidence_gate,66030.56,616.2
2026-02-23T15:21:51.590617+00:00,HOLD,55.7%,HOLD,HOLD,HOLD,False,confidence_gate,66007.92,616.2
2026-02-23T15:22:51.786515+00:00,HOLD,55.7%,HOLD,HOLD,HOLD,False,confidence_gate,65866.83,616.2
2026-02-23T15:23:51.989840+00:00,HOLD,55.7%,HOLD,HOLD,HOLD,False,confidence_gate,65956.78,616.2
2026-02-23T15:24:52.182045+00:00,HOLD,55.7%,HOLD,HOLD,HOLD,False,confidence_gate,65950.23,616.2
2026-02-23T15:25:52.392333+00:00,HOLD,55.7%,HOLD,HOLD,HOLD,False,confidence_gate,65801.22,616.2
2026-02-23T15:26:52.584003+00:00,HOLD,55.7%,HOLD,HOLD,HOLD,False,confidence_gate,65806.32,616.2
2026-02-23T15:27:52.773580+00:00,HOLD,55.7%,HOLD,HOLD,HOLD,False,confidence_gate,65806.41,616.2
2026-02-23T15:28:52.964087+00:00,HOLD,55.7%,HOLD,HOLD,HOLD,False,confidence_gate,65768.84,616.2
2026-02-23T15:29:53.145866+00:00,HOLD,55.7%,HOLD,HOLD,HOLD,False,confidence_gate,65782.65,616.2
2026-02-23T15:30:53.354342+00:00,HOLD,55.7%,HOLD,HOLD,HOLD,False,confidence_gate,65776.30,616.2
2026-02-23T15:31:53.546868+00:00,HOLD,55.7%,HOLD,HOLD,HOLD,False,confidence_gate,65774.93,616.2
2026-02-23T15:32:53.715657+00:00,HOLD,55.7%,HOLD,HOLD,HOLD,False,confidence_gate,65791.34,616.2
2026-02-23T15:33:53.885286+00:00,HOLD,55.7%,HOLD,HOLD,HOLD,False,confidence_gate,65830.97,616.2
2026-02-23T15:34:54.056919+00:00,HOLD,55.7%,HOLD,HOLD,HOLD,False,confidence_gate,65780.77,616.2
2026-02-23T15:35:54.211886+00:00,HOLD,55.7%,HOLD,HOLD,HOLD,False,confidence_gate,65849.22,616.2
2026-02-23T15:36:54.429092+00:00,HOLD,55.7%,HOLD,HOLD,HOLD,False,confidence_gate,65853.01,616.2
2026-02-23T15:37:54.601897+00:00,HOLD,55.7%,HOLD,HOLD,HOLD,False,confidence_gate,65891.70,616.2
2026-02-23T15:38:54.779776+00:00,HOLD,55.7%,HOLD,HOLD,HOLD,False,confidence_gate,65856.00,616.2
2026-02-23T15:39:54.979113+00:00,HOLD,55.7%,HOLD,HOLD,HOLD,False,confidence_gate,65832.31,616.2
2026-02-23T15:40:55.132830+00:00,HOLD,55.7%,HOLD,HOLD,HOLD,False,confidence_gate,65756.33,616.2
2026-02-23T15:41:55.336435+00:00,HOLD,55.7%,HOLD,HOLD,HOLD,False,confidence_gate,65830.82,616.2
2026-02-23T15:42:55.507030+00:00,HOLD,55.7%,HOLD,HOLD,HOLD,False,confidence_gate,65781.02,616.2
2026-02-23T15:43:55.692472+00:00,HOLD,55.7%,HOLD,HOLD,HOLD,False,confidence_gate,65817.75,616.2
2026-02-23T15:44:55.883461+00:00,HOLD,55.7%,HOLD,HOLD,HOLD,False,confidence_gate,65798.81,616.2
2026-02-23T15:45:56.072866+00:00,HOLD,55.7%,HOLD,HOLD,HOLD,False,confidence_gate,65897.12,616.2
2026-02-23T15:46:56.288445+00:00,HOLD,55.7%,HOLD,HOLD,HOLD,False,confidence_gate,65803.00,616.2
2026-02-23T15:47:56.489994+00:00,HOLD,55.7%,HOLD,HOLD,HOLD,False,confidence_gate,65861.73,616.2
2026-02-23T15:48:56.677823+00:00,HOLD,55.7%,HOLD,HOLD,HOLD,False,confidence_gate,65807.20,616.2
2026-02-23T15:49:56.877757+00:00,HOLD,55.7%,HOLD,HOLD,HOLD,False,confidence_gate,65804.98,616.2
2026-02-23T15:50:57.053832+00:00,HOLD,55.7%,HOLD,HOLD,HOLD,False,confidence_gate,65778.22,616.2
2026-02-23T15:51:57.257788+00:00,HOLD,55.7%,HOLD,HOLD,HOLD,False,confidence_gate,65742.52,616.2
2026-02-23T15:52:57.457839+00:00,HOLD,55.7%,HOLD,HOLD,HOLD,False,confidence_gate,65575.02,616.2
2026-02-23T15:53:57.659009+00:00,HOLD,55.7%,HOLD,HOLD,HOLD,False,confidence_gate,65738.24,616.2
2026-02-23T15:54:57.857295+00:00,HOLD,55.7%,HOLD,HOLD,HOLD,False,confidence_gate,65650.71,616.2
2026-02-23T15:55:58.056938+00:00,HOLD,55.7%,HOLD,HOLD,HOLD,False,confidence_gate,65650.22,616.2
2026-02-23T15:56:58.258872+00:00,HOLD,55.7%,HOLD,HOLD,HOLD,False,confidence_gate,65659.27,616.2
2026-02-23T15:57:58.471481+00:00,HOLD,55.7%,HOLD,HOLD,HOLD,False,confidence_gate,65703.11,616.2
2026-02-23T15:58:58.665568+00:00,HOLD,55.7%,HOLD,HOLD,HOLD,False,confidence_gate,65705.92,616.2
2026-02-23T15:59:58.832991+00:00,HOLD,55.7%,HOLD,HOLD,HOLD,False,confidence_gate,65654.43,616.2
2026-02-23T16:00:59.901650+00:00,HOLD,55.7%,HOLD,HOLD,HOLD,False,confidence_gate,65653.70,616.2
2026-02-23T16:02:00.195487+00:00,HOLD,55.7%,HOLD,HOLD,HOLD,False,confidence_gate,65608.29,616.2
2026-02-23T16:03:00.417335+00:00,HOLD,55.7%,HOLD,HOLD,HOLD,False,confidence_gate,65613.45,616.2
2026-02-23T16:04:00.607112+00:00,HOLD,55.7%,HOLD,HOLD,HOLD,False,confidence_gate,65470.43,616.2
2026-02-23T16:05:00.796178+00:00,HOLD,55.7%,HOLD,HOLD,HOLD,False,confidence_gate,65399.05,616.2
2026-02-23T16:06:00.986429+00:00,HOLD,55.7%,HOLD,HOLD,HOLD,False,confidence_gate,65408.29,616.2
2026-02-23T16:07:01.168348+00:00,HOLD,55.7%,HOLD,HOLD,HOLD,False,confidence_gate,65325.85,616.2
2026-02-23T16:08:01.376760+00:00,HOLD,55.7%,HOLD,HOLD,HOLD,False,confidence_gate,65367.71,616.2
2026-02-23T16:09:01.567074+00:00,HOLD,55.7%,HOLD,HOLD,HOLD,False,confidence_gate,65381.34,616.2
2026-02-23T16:10:01.760780+00:00,HOLD,55.6%,HOLD,HOLD,HOLD,False,confidence_gate,65429.30,633.5
2026-02-23T16:11:01.937903+00:00,HOLD,55.6%,HOLD,HOLD,HOLD,False,confidence_gate,65526.90,633.5
2026-02-23T16:12:02.086561+00:00,HOLD,55.6%,HOLD,HOLD,HOLD,False,confidence_gate,65471.37,633.5
2026-02-23T16:13:02.321331+00:00,HOLD,55.6%,HOLD,HOLD,HOLD,False,confidence_gate,65410.83,633.5
2026-02-23T16:14:02.508173+00:00,HOLD,55.6%,HOLD,HOLD,HOLD,False,confidence_gate,65253.44,633.5
2026-02-23T16:15:02.688336+00:00,HOLD,55.6%,HOLD,HOLD,HOLD,False,confidence_gate,65213.29,633.5
2026-02-23T16:16:02.878307+00:00,HOLD,55.6%,HOLD,HOLD,HOLD,False,confidence_gate,65259.34,633.5
2026-02-23T16:17:03.162141+00:00,HOLD,55.6%,HOLD,HOLD,HOLD,False,confidence_gate,65333.62,633.5
2026-02-23T16:18:03.375611+00:00,HOLD,55.6%,HOLD,HOLD,HOLD,False,confidence_gate,65394.00,633.5
2026-02-23T16:19:03.544215+00:00,HOLD,55.6%,HOLD,HOLD,HOLD,False,confidence_gate,65474.78,633.5
2026-02-23T16:20:03.703196+00:00,HOLD,55.6%,HOLD,HOLD,HOLD,False,confidence_gate,65511.59,633.5
2026-02-23T16:21:03.898361+00:00,HOLD,55.6%,HOLD,HOLD,HOLD,False,confidence_gate,65513.50,633.5
2026-02-23T16:22:04.096235+00:00,HOLD,55.6%,HOLD,HOLD,HOLD,False,confidence_gate,65524.39,633.5
2026-02-23T16:23:04.304147+00:00,HOLD,55.6%,HOLD,HOLD,HOLD,False,confidence_gate,65453.64,633.5
2026-02-23T16:24:04.495362+00:00,HOLD,55.6%,HOLD,HOLD,HOLD,False,confidence_gate,65449.26,633.5
2026-02-23T16:25:04.686098+00:00,HOLD,55.6%,HOLD,HOLD,HOLD,False,confidence_gate,65410.15,633.5
2026-02-23T16:26:04.875189+00:00,HOLD,55.6%,HOLD,HOLD,HOLD,False,confidence_gate,65404.76,633.5
2026-02-23T16:27:05.066383+00:00,HOLD,55.6%,HOLD,HOLD,HOLD,False,confidence_gate,65408.28,633.5
2026-02-23T16:28:05.267701+00:00,HOLD,55.6%,HOLD,HOLD,HOLD,False,confidence_gate,65597.15,633.5
2026-02-23T16:29:05.469124+00:00,HOLD,55.6%,HOLD,HOLD,HOLD,False,confidence_gate,65621.95,633.5
2026-02-23T16:30:05.669655+00:00,HOLD,55.6%,HOLD,HOLD,HOLD,False,confidence_gate,65662.24,633.5
2026-02-23T16:31:05.874037+00:00,HOLD,55.6%,HOLD,HOLD,HOLD,False,confidence_gate,65675.48,633.5
2026-02-23T16:32:06.064185+00:00,HOLD,55.6%,HOLD,HOLD,HOLD,False,confidence_gate,65605.41,633.5
2026-02-23T16:33:06.266905+00:00,HOLD,55.6%,HOLD,HOLD,HOLD,False,confidence_gate,65605.41,633.5
2026-02-23T16:34:06.465769+00:00,HOLD,55.6%,HOLD,HOLD,HOLD,False,confidence_gate,65548.38,633.5
2026-02-23T16:35:06.660529+00:00,HOLD,55.6%,HOLD,HOLD,HOLD,False,confidence_gate,65437.79,633.5
2026-02-23T16:36:06.857569+00:00,HOLD,55.6%,HOLD,HOLD,HOLD,False,confidence_gate,65491.06,633.5
2026-02-23T16:37:07.026434+00:00,HOLD,55.6%,HOLD,HOLD,HOLD,False,confidence_gate,65611.62,633.5
2026-02-23T16:38:07.213268+00:00,HOLD,55.6%,HOLD,HOLD,HOLD,False,confidence_gate,65589.20,633.5
2026-02-23T16:39:07.423607+00:00,HOLD,55.6%,HOLD,HOLD,HOLD,False,confidence_gate,65587.59,633.5
2026-02-23T16:40:07.567299+00:00,HOLD,55.6%,HOLD,HOLD,HOLD,False,confidence_gate,65604.24,633.5
2026-02-23T16:41:07.725230+00:00,HOLD,55.6%,HOLD,HOLD,HOLD,False,confidence_gate,65610.07,633.5
2026-02-23T16:42:07.908485+00:00,HOLD,55.6%,HOLD,HOLD,HOLD,False,confidence_gate,65614.72,633.5
2026-02-23T16:43:08.086251+00:00,HOLD,55.6%,HOLD,HOLD,HOLD,False,confidence_gate,65561.28,633.5
2026-02-23T16:44:08.265087+00:00,HOLD,55.6%,HOLD,HOLD,HOLD,False,confidence_gate,65611.80,633.5
2026-02-23T16:45:08.489117+00:00,HOLD,55.6%,HOLD,HOLD,HOLD,False,confidence_gate,65544.16,633.5
2026-02-23T16:46:08.690316+00:00,HOLD,55.6%,HOLD,HOLD,HOLD,False,confidence_gate,65557.12,633.5
2026-02-23T16:47:08.906157+00:00,HOLD,55.6%,HOLD,HOLD,HOLD,False,confidence_gate,65431.23,633.5
2026-02-23T16:48:09.105389+00:00,HOLD,55.6%,HOLD,HOLD,HOLD,False,confidence_gate,65398.82,633.5
2026-02-23T16:49:09.308825+00:00,HOLD,55.6%,HOLD,HOLD,HOLD,False,confidence_gate,65393.54,633.5
2026-02-23T16:50:09.518889+00:00,HOLD,55.6%,HOLD,HOLD,HOLD,False,confidence_gate,65410.29,633.5
2026-02-23T16:51:09.731375+00:00,HOLD,55.6%,HOLD,HOLD,HOLD,False,confidence_gate,65378.58,633.5
2026-02-23T16:52:09.923567+00:00,HOLD,55.6%,HOLD,HOLD,HOLD,False,confidence_gate,65432.88,633.5
2026-02-23T16:53:10.129161+00:00,HOLD,55.6%,HOLD,HOLD,HOLD,False,confidence_gate,65451.55,633.5
2026-02-23T16:54:10.360937+00:00,HOLD,55.6%,HOLD,HOLD,HOLD,False,confidence_gate,65424.98,633.5
2026-02-23T16:55:10.567704+00:00,HOLD,55.6%,HOLD,HOLD,HOLD,False,confidence_gate,65385.47,633.5
2026-02-23T16:56:10.768845+00:00,HOLD,55.6%,HOLD,HOLD,HOLD,False,confidence_gate,65381.27,633.5
2026-02-23T16:57:10.957557+00:00,HOLD,55.6%,HOLD,HOLD,HOLD,False,confidence_gate,65378.95,633.5
2026-02-23T16:58:11.141599+00:00,HOLD,55.6%,HOLD,HOLD,HOLD,False,confidence_gate,65314.00,633.5
2026-02-23T16:59:11.348120+00:00,HOLD,55.6%,HOLD,HOLD,HOLD,False,confidence_gate,65348.50,633.5
2026-02-23T17:00:12.598937+00:00,HOLD,55.6%,HOLD,HOLD,HOLD,False,confidence_gate,65389.46,633.5
2026-02-23T17:01:12.800030+00:00,HOLD,55.6%,HOLD,HOLD,HOLD,False,confidence_gate,65435.87,633.5
2026-02-23T17:02:12.974368+00:00,HOLD,55.6%,HOLD,HOLD,HOLD,False,confidence_gate,65339.77,633.5
2026-02-23T17:03:13.175207+00:00,HOLD,55.6%,HOLD,HOLD,HOLD,False,confidence_gate,65344.58,633.5
2026-02-23T17:04:13.371725+00:00,HOLD,55.6%,HOLD,HOLD,HOLD,False,confidence_gate,65301.35,633.5
2026-02-23T17:05:13.560441+00:00,HOLD,55.6%,HOLD,HOLD,HOLD,False,confidence_gate,65434.48,633.5
2026-02-23T17:06:13.759935+00:00,HOLD,55.6%,HOLD,HOLD,HOLD,False,confidence_gate,65378.26,633.5
2026-02-23T17:07:13.951463+00:00,HOLD,55.6%,HOLD,HOLD,HOLD,False,confidence_gate,65396.92,633.5
2026-02-23T17:08:14.135271+00:00,HOLD,55.6%,HOLD,HOLD,HOLD,False,confidence_gate,65410.26,633.5
2026-02-23T17:09:14.342869+00:00,HOLD,55.6%,HOLD,HOLD,HOLD,False,confidence_gate,65377.87,633.5
2026-02-23T17:10:14.548328+00:00,HOLD,54.3%,HOLD,HOLD,HOLD,False,confidence_gate,65376.41,645.0
2026-02-23T17:11:14.735919+00:00,HOLD,54.3%,HOLD,HOLD,HOLD,False,confidence_gate,65347.27,645.0
2026-02-23T17:12:14.925364+00:00,HOLD,54.3%,HOLD,HOLD,HOLD,False,confidence_gate,65370.57,645.0
2026-02-23T17:13:15.146356+00:00,HOLD,54.3%,HOLD,HOLD,HOLD,False,confidence_gate,65318.05,645.0
2026-02-23T17:14:15.348095+00:00,HOLD,54.3%,HOLD,HOLD,HOLD,False,confidence_gate,65297.10,645.0
2026-02-23T17:15:15.548306+00:00,HOLD,54.3%,HOLD,HOLD,HOLD,False,confidence_gate,65059.11,645.0
2026-02-23T17:16:15.734251+00:00,HOLD,54.3%,HOLD,HOLD,HOLD,False,confidence_gate,65124.01,645.0
2026-02-23T17:17:16.043745+00:00,HOLD,54.3%,HOLD,HOLD,HOLD,False,confidence_gate,65121.37,645.0
2026-02-23T17:18:16.257351+00:00,HOLD,54.3%,HOLD,HOLD,HOLD,False,confidence_gate,65032.02,645.0
2026-02-23T17:19:16.461183+00:00,HOLD,54.3%,HOLD,HOLD,HOLD,False,confidence_gate,64907.19,645.0
2026-02-23T17:20:16.647050+00:00,HOLD,54.3%,HOLD,HOLD,HOLD,False,confidence_gate,64872.52,645.0
2026-02-23T17:21:16.822734+00:00,HOLD,54.3%,HOLD,HOLD,HOLD,False,confidence_gate,64771.79,645.0
2026-02-23T17:22:16.989723+00:00,HOLD,54.3%,HOLD,HOLD,HOLD,False,confidence_gate,64845.42,645.0
2026-02-23T17:23:17.142196+00:00,HOLD,54.3%,HOLD,HOLD,HOLD,False,confidence_gate,64819.80,645.0
2026-02-23T17:24:17.331914+00:00,HOLD,54.3%,HOLD,HOLD,HOLD,False,confidence_gate,64764.93,645.0
2026-02-23T17:25:17.519017+00:00,HOLD,54.3%,HOLD,HOLD,HOLD,False,confidence_gate,64744.05,645.0
2026-02-23T17:26:17.683764+00:00,HOLD,54.3%,HOLD,HOLD,HOLD,False,confidence_gate,64655.15,645.0
2026-02-23T17:27:17.861129+00:00,HOLD,54.3%,HOLD,HOLD,HOLD,False,confidence_gate,64802.56,645.0
2026-02-23T17:28:18.028600+00:00,HOLD,54.3%,HOLD,HOLD,HOLD,False,confidence_gate,64626.78,645.0
2026-02-23T17:29:18.199492+00:00,HOLD,54.3%,HOLD,HOLD,HOLD,False,confidence_gate,64635.00,645.0
2026-02-23T17:30:18.385566+00:00,HOLD,54.3%,HOLD,HOLD,HOLD,False,confidence_gate,64559.83,645.0
2026-02-23T17:31:18.562106+00:00,HOLD,54.3%,HOLD,HOLD,HOLD,False,confidence_gate,64574.12,645.0
2026-02-23T17:32:18.764839+00:00,HOLD,54.3%,HOLD,HOLD,HOLD,False,confidence_gate,64603.79,645.0
2026-02-23T17:33:18.956739+00:00,HOLD,54.3%,HOLD,HOLD,HOLD,False,confidence_gate,64671.88,645.0
2026-02-23T17:34:19.150039+00:00,HOLD,54.3%,HOLD,HOLD,HOLD,False,confidence_gate,64660.01,645.0
2026-02-23T17:35:19.366565+00:00,HOLD,54.3%,HOLD,HOLD,HOLD,False,confidence_gate,64574.90,645.0
2026-02-23T17:36:19.566790+00:00,HOLD,54.3%,HOLD,HOLD,HOLD,False,confidence_gate,64475.44,645.0
2026-02-23T17:37:19.846127+00:00,HOLD,54.3%,HOLD,HOLD,HOLD,False,confidence_gate,64381.13,645.0
2026-02-23T17:38:20.026401+00:00,HOLD,54.3%,HOLD,HOLD,HOLD,False,confidence_gate,64493.57,645.0
2026-02-23T17:39:20.243782+00:00,HOLD,54.3%,HOLD,HOLD,HOLD,False,confidence_gate,64439.54,645.0
2026-02-23T17:40:20.466177+00:00,HOLD,54.3%,HOLD,HOLD,HOLD,False,confidence_gate,64350.77,645.0
2026-02-23T17:41:20.711876+00:00,HOLD,54.3%,HOLD,HOLD,HOLD,False,confidence_gate,64636.68,645.0
2026-02-23T17:42:20.956875+00:00,HOLD,54.3%,HOLD,HOLD,HOLD,False,confidence_gate,64534.96,645.0
2026-02-23T17:43:21.164283+00:00,HOLD,54.3%,HOLD,HOLD,HOLD,False,confidence_gate,64536.21,645.0
2026-02-23T17:44:21.356074+00:00,HOLD,54.3%,HOLD,HOLD,HOLD,False,confidence_gate,64534.20,645.0
2026-02-23T17:45:21.554075+00:00,HOLD,54.3%,HOLD,HOLD,HOLD,False,confidence_gate,64516.35,645.0
2026-02-23T17:46:21.760758+00:00,HOLD,54.3%,HOLD,HOLD,HOLD,False,confidence_gate,64436.36,645.0
2026-02-23T17:47:21.957134+00:00,HOLD,54.3%,HOLD,HOLD,HOLD,False,confidence_gate,64468.72,645.0
2026-02-23T17:48:22.160420+00:00,HOLD,54.3%,HOLD,HOLD,HOLD,False,confidence_gate,64475.96,645.0
2026-02-23T17:49:22.358388+00:00,HOLD,54.3%,HOLD,HOLD,HOLD,False,confidence_gate,64448.67,645.0
2026-02-23T17:50:22.525839+00:00,HOLD,54.3%,HOLD,HOLD,HOLD,False,confidence_gate,64452.29,645.0
2026-02-23T17:51:22.696802+00:00,HOLD,54.3%,HOLD,HOLD,HOLD,False,confidence_gate,64394.67,645.0
2026-02-23T17:52:22.879414+00:00,HOLD,54.3%,HOLD,HOLD,HOLD,False,confidence_gate,64181.60,645.0
2026-02-23T17:53:23.060174+00:00,HOLD,54.3%,HOLD,HOLD,HOLD,False,confidence_gate,64494.92,645.0
2026-02-23T17:54:23.246015+00:00,HOLD,54.3%,HOLD,HOLD,HOLD,False,confidence_gate,64476.38,645.0
2026-02-23T17:55:23.439116+00:00,HOLD,54.3%,HOLD,HOLD,HOLD,False,confidence_gate,64487.46,645.0
2026-02-23T17:56:23.615919+00:00,HOLD,54.3%,HOLD,HOLD,HOLD,False,confidence_gate,64596.54,645.0
2026-02-23T17:57:23.798752+00:00,HOLD,54.3%,HOLD,HOLD,HOLD,False,confidence_gate,64617.48,645.0
2026-02-23T17:58:23.950475+00:00,HOLD,54.3%,HOLD,HOLD,HOLD,False,confidence_gate,64740.98,645.0
2026-02-23T17:59:24.135114+00:00,HOLD,54.3%,HOLD,HOLD,HOLD,False,confidence_gate,64684.30,645.0
2026-02-23T18:00:25.096193+00:00,HOLD,54.3%,HOLD,HOLD,HOLD,False,confidence_gate,64716.30,645.0
2026-02-23T18:01:25.253642+00:00,HOLD,54.3%,HOLD,HOLD,HOLD,False,confidence_gate,64700.48,645.0
2026-02-23T18:02:25.399703+00:00,HOLD,54.3%,HOLD,HOLD,HOLD,False,confidence_gate,64749.53,645.0
2026-02-23T18:03:25.582166+00:00,HOLD,54.3%,HOLD,HOLD,HOLD,False,confidence_gate,64710.34,645.0
2026-02-23T18:04:25.760574+00:00,HOLD,54.3%,HOLD,HOLD,HOLD,False,confidence_gate,64849.00,645.0
2026-02-23T18:05:25.954695+00:00,HOLD,54.3%,HOLD,HOLD,HOLD,False,confidence_gate,64825.36,645.0
2026-02-23T18:06:26.147255+00:00,HOLD,54.3%,HOLD,HOLD,HOLD,False,confidence_gate,64685.23,645.0
2026-02-23T18:07:26.379866+00:00,HOLD,54.3%,HOLD,HOLD,HOLD,False,confidence_gate,64705.61,645.0
2026-02-23T18:08:26.596944+00:00,HOLD,54.3%,HOLD,HOLD,HOLD,False,confidence_gate,64741.67,645.0
2026-02-23T18:09:26.811635+00:00,HOLD,54.3%,HOLD,HOLD,HOLD,False,confidence_gate,64804.78,645.0
2026-02-23T18:10:27.032763+00:00,HOLD,54.9%,HOLD,HOLD,HOLD,False,confidence_gate,64761.72,669.5
2026-02-23T18:11:27.234411+00:00,HOLD,54.9%,HOLD,HOLD,HOLD,False,confidence_gate,64722.61,669.5
2026-02-23T18:12:27.437963+00:00,HOLD,54.9%,HOLD,HOLD,HOLD,False,confidence_gate,64821.72,669.5
2026-02-23T18:13:27.650563+00:00,HOLD,54.9%,HOLD,HOLD,HOLD,False,confidence_gate,64765.27,669.5
2026-02-23T18:14:27.856280+00:00,HOLD,54.9%,HOLD,HOLD,HOLD,False,confidence_gate,64759.33,669.5
2026-02-23T18:15:28.057990+00:00,HOLD,54.9%,HOLD,HOLD,HOLD,False,confidence_gate,64798.65,669.5
2026-02-23T18:16:28.247392+00:00,HOLD,54.9%,HOLD,HOLD,HOLD,False,confidence_gate,64722.26,669.5
2026-02-23T18:17:28.557153+00:00,HOLD,54.9%,HOLD,HOLD,HOLD,False,confidence_gate,64751.80,669.5
2026-02-23T18:18:28.748511+00:00,HOLD,54.9%,HOLD,HOLD,HOLD,False,confidence_gate,64746.23,669.5
2026-02-23T18:19:28.942065+00:00,HOLD,54.9%,HOLD,HOLD,HOLD,False,confidence_gate,64688.33,669.5
2026-02-23T18:20:29.143285+00:00,HOLD,54.9%,HOLD,HOLD,HOLD,False,confidence_gate,64609.60,669.5
2026-02-23T18:21:29.364521+00:00,HOLD,54.9%,HOLD,HOLD,HOLD,False,confidence_gate,64687.61,669.5
2026-02-23T18:22:29.561112+00:00,HOLD,54.9%,HOLD,HOLD,HOLD,False,confidence_gate,64739.67,669.5
2026-02-23T18:23:29.746834+00:00,HOLD,54.9%,HOLD,HOLD,HOLD,False,confidence_gate,64837.53,669.5
2026-02-23T18:24:29.934070+00:00,HOLD,54.9%,HOLD,HOLD,HOLD,False,confidence_gate,64879.14,669.5
2026-02-23T18:25:30.107383+00:00,HOLD,54.9%,HOLD,HOLD,HOLD,False,confidence_gate,64859.27,669.5
2026-02-23T18:26:30.296932+00:00,HOLD,54.9%,HOLD,HOLD,HOLD,False,confidence_gate,64825.99,669.5
2026-02-23T18:27:30.462095+00:00,HOLD,54.9%,HOLD,HOLD,HOLD,False,confidence_gate,64809.91,669.5
2026-02-23T18:28:30.648031+00:00,HOLD,54.9%,HOLD,HOLD,HOLD,False,confidence_gate,64795.04,669.5
2026-02-23T18:29:30.807457+00:00,HOLD,54.9%,HOLD,HOLD,HOLD,False,confidence_gate,64808.67,669.5
2026-02-23T18:30:30.986190+00:00,HOLD,54.9%,HOLD,HOLD,HOLD,False,confidence_gate,64779.32,669.5
2026-02-23T18:31:31.194007+00:00,HOLD,54.9%,HOLD,HOLD,HOLD,False,confidence_gate,64729.64,669.5
2026-02-23T18:32:31.395018+00:00,HOLD,54.9%,HOLD,HOLD,HOLD,False,confidence_gate,64810.53,669.5
2026-02-23T18:33:31.597800+00:00,HOLD,54.9%,HOLD,HOLD,HOLD,False,confidence_gate,64800.14,669.5
2026-02-23T18:34:31.782658+00:00,HOLD,54.9%,HOLD,HOLD,HOLD,False,confidence_gate,64860.56,669.5
2026-02-23T18:35:31.974685+00:00,HOLD,54.9%,HOLD,HOLD,HOLD,False,confidence_gate,64952.20,669.5
2026-02-23T18:36:32.160987+00:00,HOLD,54.9%,HOLD,HOLD,HOLD,False,confidence_gate,65091.77,669.5
2026-02-23T18:37:32.379982+00:00,HOLD,54.9%,HOLD,HOLD,HOLD,False,confidence_gate,65137.03,669.5
2026-02-23T18:38:32.586483+00:00,HOLD,54.9%,HOLD,HOLD,HOLD,False,confidence_gate,65071.54,669.5
2026-02-23T18:39:32.788058+00:00,HOLD,54.9%,HOLD,HOLD,HOLD,False,confidence_gate,65079.86,669.5
2026-02-23T18:40:32.981306+00:00,HOLD,54.9%,HOLD,HOLD,HOLD,False,confidence_gate,65023.71,669.5
2026-02-23T18:41:33.251334+00:00,HOLD,54.9%,HOLD,HOLD,HOLD,False,confidence_gate,65020.02,669.5
2026-02-23T18:42:33.482218+00:00,HOLD,54.9%,HOLD,HOLD,HOLD,False,confidence_gate,65012.89,669.5
2026-02-23T18:43:33.670936+00:00,HOLD,54.9%,HOLD,HOLD,HOLD,False,confidence_gate,64949.04,669.5
2026-02-23T18:44:33.866835+00:00,HOLD,54.9%,HOLD,HOLD,HOLD,False,confidence_gate,64901.28,669.5
2026-02-23T18:45:34.059387+00:00,HOLD,54.9%,HOLD,HOLD,HOLD,False,confidence_gate,64804.30,669.5
2026-02-23T18:46:34.353967+00:00,HOLD,54.9%,HOLD,HOLD,HOLD,False,confidence_gate,64838.61,669.5
2026-02-23T18:47:34.555042+00:00,HOLD,54.9%,HOLD,HOLD,HOLD,False,confidence_gate,64779.40,669.5
2026-02-23T18:48:34.702332+00:00,HOLD,54.9%,HOLD,HOLD,HOLD,False,confidence_gate,64793.27,669.5
2026-02-23T18:49:34.858516+00:00,HOLD,54.9%,HOLD,HOLD,HOLD,False,confidence_gate,64834.00,669.5
2026-02-23T18:50:35.023319+00:00,HOLD,54.9%,HOLD,HOLD,HOLD,False,confidence_gate,64787.62,669.5
2026-02-23T18:51:35.209104+00:00,HOLD,54.9%,HOLD,HOLD,HOLD,False,confidence_gate,64773.74,669.5
2026-02-23T18:52:35.401023+00:00,HOLD,54.9%,HOLD,HOLD,HOLD,False,confidence_gate,64782.30,669.5
2026-02-23T18:53:35.605583+00:00,HOLD,54.9%,HOLD,HOLD,HOLD,False,confidence_gate,64749.45,669.5
2026-02-23T18:54:35.785687+00:00,HOLD,54.9%,HOLD,HOLD,HOLD,False,confidence_gate,64746.70,669.5
2026-02-23T18:55:35.954854+00:00,HOLD,54.9%,HOLD,HOLD,HOLD,False,confidence_gate,64748.55,669.5
2026-02-23T18:56:36.154097+00:00,HOLD,54.9%,HOLD,HOLD,HOLD,False,confidence_gate,64671.55,669.5
2026-02-23T18:57:36.344513+00:00,HOLD,54.9%,HOLD,HOLD,HOLD,False,confidence_gate,64678.82,669.5
2026-02-23T18:58:36.521361+00:00,HOLD,54.9%,HOLD,HOLD,HOLD,False,confidence_gate,64583.83,669.5
2026-02-23T18:59:36.719044+00:00,HOLD,54.9%,HOLD,HOLD,HOLD,False,confidence_gate,64654.13,669.5
2026-02-23T19:00:37.950627+00:00,HOLD,54.9%,HOLD,HOLD,HOLD,False,confidence_gate,64682.97,669.5
2026-02-23T19:01:38.136035+00:00,HOLD,54.9%,HOLD,HOLD,HOLD,False,confidence_gate,64743.49,669.5
2026-02-23T19:02:38.314366+00:00,HOLD,54.9%,HOLD,HOLD,HOLD,False,confidence_gate,64651.06,669.5
2026-02-23T19:03:38.488288+00:00,HOLD,54.9%,HOLD,HOLD,HOLD,False,confidence_gate,64714.43,669.5
2026-02-23T19:04:38.663081+00:00,HOLD,54.9%,HOLD,HOLD,HOLD,False,confidence_gate,64614.98,669.5
2026-02-23T19:05:38.827193+00:00,HOLD,54.9%,HOLD,HOLD,HOLD,False,confidence_gate,64642.41,669.5
2026-02-23T19:06:39.018307+00:00,HOLD,54.9%,HOLD,HOLD,HOLD,False,confidence_gate,64760.16,669.5
2026-02-23T19:07:39.198917+00:00,HOLD,54.9%,HOLD,HOLD,HOLD,False,confidence_gate,64729.50,669.5
2026-02-23T19:08:39.379930+00:00,HOLD,54.9%,HOLD,HOLD,HOLD,False,confidence_gate,64738.05,669.5
2026-02-23T19:09:39.546840+00:00,HOLD,54.9%,HOLD,HOLD,HOLD,False,confidence_gate,64745.59,669.5
2026-02-23T19:10:39.769651+00:00,HOLD,53.0%,HOLD,HOLD,HOLD,False,confidence_gate,64759.04,673.5
2026-02-23T19:11:39.976191+00:00,HOLD,53.0%,HOLD,HOLD,HOLD,False,confidence_gate,64806.55,673.5
2026-02-23T19:12:40.215065+00:00,HOLD,53.0%,HOLD,HOLD,HOLD,False,confidence_gate,64804.87,673.5
2026-02-23T19:13:40.429153+00:00,HOLD,53.0%,HOLD,HOLD,HOLD,False,confidence_gate,64756.85,673.5
2026-02-23T19:14:40.621130+00:00,HOLD,53.0%,HOLD,HOLD,HOLD,False,confidence_gate,64747.89,673.5
2026-02-23T19:15:40.817802+00:00,HOLD,53.0%,HOLD,HOLD,HOLD,False,confidence_gate,64658.63,673.5
2026-02-23T19:16:41.031528+00:00,HOLD,53.0%,HOLD,HOLD,HOLD,False,confidence_gate,64632.86,673.5
2026-02-23T19:17:41.335310+00:00,HOLD,53.0%,HOLD,HOLD,HOLD,False,confidence_gate,64602.86,673.5
2026-02-23T19:18:41.543030+00:00,HOLD,53.0%,HOLD,HOLD,HOLD,False,confidence_gate,64603.32,673.5
2026-02-23T19:19:41.740869+00:00,HOLD,53.0%,HOLD,HOLD,HOLD,False,confidence_gate,64601.70,673.5
2026-02-23T19:20:41.951790+00:00,HOLD,53.0%,HOLD,HOLD,HOLD,False,confidence_gate,64629.22,673.5
2026-02-23T19:21:42.143718+00:00,HOLD,53.0%,HOLD,HOLD,HOLD,False,confidence_gate,64471.92,673.5
2026-02-23T19:22:42.350614+00:00,HOLD,53.0%,HOLD,HOLD,HOLD,False,confidence_gate,64420.07,673.5
2026-02-23T19:23:42.557226+00:00,HOLD,53.0%,HOLD,HOLD,HOLD,False,confidence_gate,64462.18,673.5
2026-02-23T19:24:42.761431+00:00,HOLD,53.0%,HOLD,HOLD,HOLD,False,confidence_gate,64479.24,673.5
2026-02-23T19:25:42.951422+00:00,HOLD,53.0%,HOLD,HOLD,HOLD,False,confidence_gate,64487.78,673.5
2026-02-23T19:26:43.145131+00:00,HOLD,53.0%,HOLD,HOLD,HOLD,False,confidence_gate,64466.84,673.5
2026-02-23T19:27:43.342595+00:00,HOLD,53.0%,HOLD,HOLD,HOLD,False,confidence_gate,64517.66,673.5
2026-02-23T19:28:43.526763+00:00,HOLD,53.0%,HOLD,HOLD,HOLD,False,confidence_gate,64492.58,673.5
2026-02-23T19:29:43.700662+00:00,HOLD,53.0%,HOLD,HOLD,HOLD,False,confidence_gate,64446.14,673.5
2026-02-23T19:30:43.860858+00:00,HOLD,53.0%,HOLD,HOLD,HOLD,False,confidence_gate,64451.30,673.5
2026-02-23T19:31:44.040283+00:00,HOLD,53.0%,HOLD,HOLD,HOLD,False,confidence_gate,64537.60,673.5
2026-02-23T19:32:44.233637+00:00,HOLD,53.0%,HOLD,HOLD,HOLD,False,confidence_gate,64463.69,673.5
2026-02-23T19:33:44.419013+00:00,HOLD,53.0%,HOLD,HOLD,HOLD,False,confidence_gate,64442.32,673.5
2026-02-23T19:34:44.581496+00:00,HOLD,53.0%,HOLD,HOLD,HOLD,False,confidence_gate,64355.93,673.5
2026-02-23T19:35:44.805259+00:00,HOLD,53.0%,HOLD,HOLD,HOLD,False,confidence_gate,64356.12,673.5
2026-02-23T19:36:44.958805+00:00,HOLD,53.0%,HOLD,HOLD,HOLD,False,confidence_gate,64334.02,673.5
2026-02-23T19:37:45.142099+00:00,HOLD,53.0%,HOLD,HOLD,HOLD,False,confidence_gate,64362.33,673.5
2026-02-23T19:38:45.312994+00:00,HOLD,53.0%,HOLD,HOLD,HOLD,False,confidence_gate,64297.36,673.5
2026-02-23T19:39:45.481963+00:00,HOLD,53.0%,HOLD,HOLD,HOLD,False,confidence_gate,64165.54,673.5
2026-02-23T19:40:45.706703+00:00,HOLD,53.0%,HOLD,HOLD,HOLD,False,confidence_gate,64268.23,673.5
2026-02-23T19:41:45.913280+00:00,HOLD,53.0%,HOLD,HOLD,HOLD,False,confidence_gate,64229.74,673.5
2026-02-23T19:42:46.106592+00:00,HOLD,53.0%,HOLD,HOLD,HOLD,False,confidence_gate,64276.03,673.5
2026-02-23T19:43:46.306193+00:00,HOLD,53.0%,HOLD,HOLD,HOLD,False,confidence_gate,64193.32,673.5
2026-02-23T19:44:46.498721+00:00,HOLD,53.0%,HOLD,HOLD,HOLD,False,confidence_gate,64148.02,673.5
2026-02-23T19:45:46.694364+00:00,HOLD,53.0%,HOLD,HOLD,HOLD,False,confidence_gate,64272.47,673.5
2026-02-23T19:46:46.883941+00:00,HOLD,53.0%,HOLD,HOLD,HOLD,False,confidence_gate,64293.33,673.5
2026-02-23T19:47:47.076035+00:00,HOLD,53.0%,HOLD,HOLD,HOLD,False,confidence_gate,64212.96,673.5
2026-02-23T19:48:47.261585+00:00,HOLD,53.0%,HOLD,HOLD,HOLD,False,confidence_gate,64193.73,673.5
2026-02-23T19:49:47.494901+00:00,HOLD,53.0%,HOLD,HOLD,HOLD,False,confidence_gate,64108.02,673.5
2026-02-23T19:50:47.716272+00:00,HOLD,53.0%,HOLD,HOLD,HOLD,False,confidence_gate,64127.94,673.5
2026-02-23T19:51:47.917514+00:00,HOLD,53.0%,HOLD,HOLD,HOLD,False,confidence_gate,64233.08,673.5
2026-02-23T19:52:48.120599+00:00,HOLD,53.0%,HOLD,HOLD,HOLD,False,confidence_gate,64208.08,673.5
2026-02-23T19:53:48.317574+00:00,HOLD,53.0%,HOLD,HOLD,HOLD,False,confidence_gate,64221.76,673.5
2026-02-23T19:54:49.369987+00:00,HOLD,53.0%,HOLD,HOLD,HOLD,False,confidence_gate,64282.12,673.5
2026-02-23T19:55:50.651087+00:00,HOLD,53.0%,HOLD,HOLD,HOLD,False,confidence_gate,64231.48,673.5
2026-02-23T19:56:52.035270+00:00,HOLD,53.0%,HOLD,HOLD,HOLD,False,confidence_gate,64318.32,673.5
2026-02-23T19:57:53.232105+00:00,HOLD,53.0%,HOLD,HOLD,HOLD,False,confidence_gate,64349.30,673.5
2026-02-23T19:58:54.871696+00:00,HOLD,53.0%,HOLD,HOLD,HOLD,False,confidence_gate,64340.27,673.5
2026-02-23T19:59:56.492158+00:00,HOLD,53.0%,HOLD,HOLD,HOLD,False,confidence_gate,64291.29,673.5
2026-02-23T20:00:59.834766+00:00,HOLD,53.0%,HOLD,HOLD,HOLD,False,confidence_gate,64288.90,673.5
2026-02-23T20:02:03.051568+00:00,HOLD,53.0%,HOLD,HOLD,HOLD,False,confidence_gate,64307.71,673.5
2026-02-23T20:03:04.473703+00:00,HOLD,53.0%,HOLD,HOLD,HOLD,False,confidence_gate,64243.94,673.5
2026-02-23T20:04:06.142890+00:00,HOLD,53.0%,HOLD,HOLD,HOLD,False,confidence_gate,64252.51,673.5
2026-02-23T20:05:07.473680+00:00,HOLD,53.0%,HOLD,HOLD,HOLD,False,confidence_gate,64361.94,673.5
2026-02-23T20:06:08.407699+00:00,HOLD,53.0%,HOLD,HOLD,HOLD,False,confidence_gate,64296.88,673.5
2026-02-23T20:07:10.910526+00:00,HOLD,53.0%,HOLD,HOLD,HOLD,False,confidence_gate,64258.99,673.5
2026-02-23T20:08:13.573093+00:00,HOLD,53.0%,HOLD,HOLD,HOLD,False,confidence_gate,64246.21,673.5
2026-02-23T20:09:14.709802+00:00,HOLD,53.0%,HOLD,HOLD,HOLD,False,confidence_gate,64188.15,673.5
2026-02-23T20:10:15.966562+00:00,BUY,61.1%,HOLD,BUY,BUY,True,none,64149.90,657.8
2026-02-23T20:11:19.258339+00:00,BUY,61.1%,HOLD,BUY,BUY,True,none,64175.93,657.8
2026-02-23T20:12:20.366027+00:00,BUY,61.1%,HOLD,BUY,BUY,True,none,64132.70,657.8
2026-02-23T20:13:21.813900+00:00,BUY,61.1%,HOLD,BUY,BUY,True,none,64095.15,657.8
2026-02-23T20:14:22.841830+00:00,BUY,61.1%,HOLD,BUY,BUY,True,none,63960.44,657.8
2026-02-23T20:15:24.196864+00:00,BUY,61.1%,HOLD,BUY,BUY,True,none,63978.86,657.8
2026-02-23T20:16:31.042144+00:00,BUY,61.1%,HOLD,BUY,BUY,True,none,64044.92,657.8
2026-02-23T20:17:32.301325+00:00,BUY,61.1%,HOLD,BUY,BUY,True,none,63947.77,657.8
2026-02-23T20:18:33.528220+00:00,BUY,61.1%,HOLD,BUY,BUY,True,none,63987.52,657.8
2026-02-23T20:19:34.508257+00:00,BUY,61.1%,HOLD,BUY,BUY,True,none,64060.68,657.8
2026-02-23T20:20:35.600919+00:00,BUY,61.1%,HOLD,BUY,BUY,True,none,64010.71,657.8
2026-02-23T20:21:36.846634+00:00,BUY,61.1%,HOLD,BUY,BUY,True,none,64020.68,657.8
2026-02-23T20:22:38.071821+00:00,BUY,61.1%,HOLD,BUY,BUY,True,none,64010.23,657.8
2026-02-23T20:23:39.050840+00:00,BUY,61.1%,HOLD,BUY,BUY,True,none,64152.48,657.8
2026-02-23T20:24:40.287740+00:00,BUY,61.1%,HOLD,BUY,BUY,True,none,64096.12,657.8
2026-02-23T20:25:41.748585+00:00,BUY,61.1%,HOLD,BUY,BUY,True,none,64073.76,657.8
2026-02-23T20:26:42.945338+00:00,BUY,61.1%,HOLD,BUY,BUY,True,none,64105.30,657.8
2026-02-23T20:27:44.053221+00:00,BUY,61.1%,HOLD,BUY,BUY,True,none,64029.65,657.8
2026-02-23T20:28:45.576564+00:00,BUY,61.1%,HOLD,BUY,BUY,True,none,63981.44,657.8
2026-02-23T20:29:46.629351+00:00,BUY,61.1%,HOLD,BUY,BUY,True,none,64007.49,657.8
2026-02-23T20:30:47.749091+00:00,BUY,61.1%,HOLD,BUY,BUY,True,none,64092.50,657.8
2026-02-23T20:31:48.944562+00:00,BUY,61.1%,HOLD,BUY,BUY,True,none,64124.59,657.8
2026-02-23T20:32:50.468463+00:00,BUY,61.1%,HOLD,BUY,BUY,False,spread_filter,64273.30,657.8
2026-02-23T20:33:51.716262+00:00,BUY,61.1%,HOLD,BUY,BUY,True,none,64216.80,657.8
2026-02-23T20:34:52.851034+00:00,BUY,61.1%,HOLD,BUY,BUY,True,none,64249.48,657.8
2026-02-23T20:35:54.081319+00:00,BUY,61.1%,HOLD,BUY,BUY,True,none,64194.76,657.8
2026-02-23T20:36:55.238866+00:00,BUY,61.1%,HOLD,BUY,BUY,True,none,64278.74,657.8
2026-02-23T20:37:56.743870+00:00,BUY,61.1%,HOLD,BUY,BUY,True,none,64273.26,657.8
2026-02-23T20:38:57.812776+00:00,BUY,61.1%,HOLD,BUY,BUY,True,none,64253.16,657.8
2026-02-23T20:39:59.318451+00:00,BUY,61.1%,HOLD,BUY,BUY,True,none,64218.04,657.8
2026-02-23T20:41:02.324448+00:00,BUY,61.1%,HOLD,BUY,BUY,True,none,64169.49,657.8
2026-02-23T20:42:03.835735+00:00,BUY,61.1%,HOLD,BUY,BUY,True,none,64185.39,657.8
2026-02-23T20:43:05.094656+00:00,BUY,61.1%,HOLD,BUY,BUY,True,none,64205.79,657.8
2026-02-23T20:44:06.267463+00:00,BUY,61.1%,HOLD,BUY,BUY,True,none,64260.86,657.8
2026-02-23T20:45:08.248043+00:00,BUY,61.1%,HOLD,BUY,BUY,True,none,64255.97,657.8
2026-02-23T20:46:09.337774+00:00,BUY,61.1%,HOLD,BUY,BUY,True,none,64269.88,657.8
2026-02-23T20:47:11.570448+00:00,BUY,61.1%,HOLD,BUY,BUY,True,none,64271.36,657.8
2026-02-23T20:48:13.401883+00:00,BUY,61.1%,HOLD,BUY,BUY,True,none,64225.32,657.8
2026-02-23T20:49:14.623878+00:00,BUY,61.1%,HOLD,BUY,BUY,True,none,64240.64,657.8
2026-02-23T20:50:15.684036+00:00,BUY,61.1%,HOLD,BUY,BUY,True,none,64218.72,657.8
2026-02-23T20:51:18.234389+00:00,BUY,61.1%,HOLD,BUY,BUY,True,none,64257.49,657.8
2026-02-23T20:52:20.206757+00:00,BUY,61.1%,HOLD,BUY,BUY,True,none,64368.61,657.8
2026-02-23T20:53:21.695628+00:00,BUY,61.1%,HOLD,BUY,BUY,True,none,64355.44,657.8
2026-02-23T20:54:23.523980+00:00,BUY,61.1%,HOLD,BUY,BUY,True,none,64363.28,657.8
2026-02-23T20:55:25.325078+00:00,BUY,61.1%,HOLD,BUY,BUY,False,spread_filter,64378.22,657.8
2026-02-23T20:56:26.925122+00:00,BUY,61.1%,HOLD,BUY,BUY,True,none,64410.94,657.8
2026-02-23T20:57:28.274754+00:00,BUY,61.1%,HOLD,BUY,BUY,True,none,64443.54,657.8
2026-02-23T20:58:28.542441+00:00,BUY,61.1%,HOLD,BUY,BUY,True,none,64447.00,657.8
2026-02-23T20:59:28.740211+00:00,BUY,61.1%,HOLD,BUY,BUY,True,none,64451.07,657.8
2026-02-23T21:00:29.788123+00:00,HOLD,61.3%,HOLD,HOLD,HOLD,False,confidence_gate,64515.87,657.8
2026-02-23T21:01:30.019778+00:00,HOLD,61.3%,HOLD,HOLD,HOLD,False,confidence_gate,64516.43,657.8
2026-02-23T21:02:30.229418+00:00,HOLD,61.3%,HOLD,HOLD,HOLD,False,confidence_gate,64519.63,657.8
2026-02-23T21:03:30.415931+00:00,HOLD,61.3%,HOLD,HOLD,HOLD,False,confidence_gate,64543.77,657.8
2026-02-23T21:04:30.622422+00:00,HOLD,61.3%,HOLD,HOLD,HOLD,False,confidence_gate,64645.14,657.8
2026-02-23T21:05:30.796024+00:00,HOLD,61.3%,HOLD,HOLD,HOLD,False,confidence_gate,64619.88,657.8
2026-02-23T21:06:30.976342+00:00,HOLD,61.3%,HOLD,HOLD,HOLD,False,confidence_gate,64651.10,657.8
2026-02-23T21:07:31.157728+00:00,HOLD,61.3%,HOLD,HOLD,HOLD,False,confidence_gate,64675.98,657.8
2026-02-23T21:08:31.339175+00:00,HOLD,61.3%,HOLD,HOLD,HOLD,False,confidence_gate,64670.92,657.8
2026-02-23T21:09:31.532563+00:00,HOLD,61.3%,HOLD,HOLD,HOLD,False,confidence_gate,64523.83,657.8
2026-02-23T21:10:31.708198+00:00,HOLD,74.6%,HOLD,HOLD,BUY,False,confidence_gate,64530.94,531.2
2026-02-23T21:11:31.904678+00:00,HOLD,74.6%,HOLD,HOLD,BUY,False,confidence_gate,64601.04,531.2
2026-02-23T21:12:32.094747+00:00,HOLD,74.6%,HOLD,HOLD,BUY,False,confidence_gate,64621.16,531.2
2026-02-23T21:13:32.289756+00:00,HOLD,74.6%,HOLD,HOLD,BUY,False,confidence_gate,64603.13,531.2
2026-02-23T21:14:32.524842+00:00,HOLD,74.6%,HOLD,HOLD,BUY,False,confidence_gate,64621.43,531.2
2026-02-23T21:15:32.722352+00:00,HOLD,74.6%,HOLD,HOLD,BUY,False,confidence_gate,64549.48,531.2
2026-02-23T21:16:32.897811+00:00,HOLD,74.6%,HOLD,HOLD,BUY,False,confidence_gate,64612.24,531.2
2026-02-23T21:17:33.076199+00:00,HOLD,74.6%,HOLD,HOLD,BUY,False,confidence_gate,64583.96,531.2
2026-02-23T21:18:33.374275+00:00,HOLD,74.6%,HOLD,HOLD,BUY,False,confidence_gate,64608.39,531.2
2026-02-23T21:19:33.575663+00:00,HOLD,74.6%,HOLD,HOLD,BUY,False,confidence_gate,64625.71,531.2
2026-02-23T21:20:33.765970+00:00,HOLD,74.6%,HOLD,HOLD,BUY,False,confidence_gate,64619.30,531.2
2026-02-23T21:21:33.951917+00:00,HOLD,74.6%,HOLD,HOLD,BUY,False,confidence_gate,64645.09,531.2
2026-02-23T21:22:34.143935+00:00,HOLD,74.6%,HOLD,HOLD,BUY,False,confidence_gate,64614.90,531.2
2026-02-23T21:23:34.349752+00:00,HOLD,74.6%,HOLD,HOLD,BUY,False,confidence_gate,64576.76,531.2
2026-02-23T21:24:34.575185+00:00,HOLD,74.6%,HOLD,HOLD,BUY,False,confidence_gate,64544.74,531.2
2026-02-23T21:25:34.776316+00:00,HOLD,74.6%,HOLD,HOLD,BUY,False,confidence_gate,64590.06,531.2
2026-02-23T21:26:34.955198+00:00,HOLD,74.6%,HOLD,HOLD,BUY,False,confidence_gate,64537.85,531.2
2026-02-23T21:27:35.148835+00:00,HOLD,74.6%,HOLD,HOLD,BUY,False,confidence_gate,64522.67,531.2
2026-02-23T21:28:35.342947+00:00,HOLD,74.6%,HOLD,HOLD,BUY,False,confidence_gate,64532.90,531.2
2026-02-23T21:29:35.538241+00:00,HOLD,74.6%,HOLD,HOLD,BUY,False,confidence_gate,64538.50,531.2
2026-02-23T21:30:35.712944+00:00,HOLD,74.6%,HOLD,HOLD,BUY,False,confidence_gate,64550.36,531.2
2026-02-23T21:31:35.910974+00:00,HOLD,74.6%,HOLD,HOLD,BUY,False,confidence_gate,64580.26,531.2
2026-02-23T21:32:36.113179+00:00,HOLD,74.6%,HOLD,HOLD,BUY,False,confidence_gate,64560.84,531.2
2026-02-23T21:33:36.314854+00:00,HOLD,74.6%,HOLD,HOLD,BUY,False,confidence_gate,64550.67,531.2
2026-02-23T21:34:36.506229+00:00,HOLD,74.6%,HOLD,HOLD,BUY,False,confidence_gate,64578.86,531.2
2026-02-23T21:35:36.693741+00:00,HOLD,74.6%,HOLD,HOLD,BUY,False,confidence_gate,64570.62,531.2
2026-02-23T21:36:36.891466+00:00,HOLD,74.6%,HOLD,HOLD,BUY,False,confidence_gate,64535.23,531.2
2026-02-23T21:37:37.089975+00:00,HOLD,74.6%,HOLD,HOLD,BUY,False,confidence_gate,64548.07,531.2
2026-02-23T21:38:37.289676+00:00,HOLD,74.6%,HOLD,HOLD,BUY,False,confidence_gate,64557.66,531.2
2026-02-23T21:39:37.503082+00:00,HOLD,74.6%,HOLD,HOLD,BUY,False,confidence_gate,64533.13,531.2
2026-02-23T21:40:37.686261+00:00,HOLD,74.6%,HOLD,HOLD,BUY,False,confidence_gate,64580.71,531.2
2026-02-23T21:41:37.900240+00:00,HOLD,74.6%,HOLD,HOLD,BUY,False,confidence_gate,64648.10,531.2
2026-02-23T21:42:38.111818+00:00,HOLD,74.6%,HOLD,HOLD,BUY,False,confidence_gate,64766.24,531.2
2026-02-23T21:43:38.294056+00:00,HOLD,74.6%,HOLD,HOLD,BUY,False,confidence_gate,64729.93,531.2
2026-02-23T21:44:38.507962+00:00,HOLD,74.6%,HOLD,HOLD,BUY,False,confidence_gate,64640.40,531.2
2026-02-23T21:45:38.708095+00:00,HOLD,74.6%,HOLD,HOLD,BUY,False,confidence_gate,64621.54,531.2
2026-02-23T21:46:38.911923+00:00,HOLD,74.6%,HOLD,HOLD,BUY,False,confidence_gate,64657.83,531.2
2026-02-23T21:47:39.089483+00:00,HOLD,74.6%,HOLD,HOLD,BUY,False,confidence_gate,64674.08,531.2
2026-02-23T21:48:39.287627+00:00,HOLD,74.6%,HOLD,HOLD,BUY,False,confidence_gate,64691.74,531.2
2026-02-23T21:49:39.494931+00:00,HOLD,74.6%,HOLD,HOLD,BUY,False,confidence_gate,64712.18,531.2
2026-02-23T21:50:39.705986+00:00,HOLD,74.6%,HOLD,HOLD,BUY,False,confidence_gate,64701.30,531.2
2026-02-23T21:51:39.911714+00:00,HOLD,74.6%,HOLD,HOLD,BUY,False,confidence_gate,64695.36,531.2
2026-02-23T21:52:40.095273+00:00,HOLD,74.6%,HOLD,HOLD,BUY,False,confidence_gate,64666.60,531.2
2026-02-23T21:53:40.311972+00:00,HOLD,74.6%,HOLD,HOLD,BUY,False,confidence_gate,64620.91,531.2
2026-02-23T21:54:40.489058+00:00,HOLD,74.6%,HOLD,HOLD,BUY,False,confidence_gate,64585.32,531.2
2026-02-23T21:55:40.691992+00:00,HOLD,74.6%,HOLD,HOLD,BUY,False,confidence_gate,64588.75,531.2
2026-02-23T21:56:40.903876+00:00,HOLD,74.6%,HOLD,HOLD,BUY,False,confidence_gate,64604.27,531.2
2026-02-23T21:57:41.094879+00:00,HOLD,74.6%,HOLD,HOLD,BUY,False,confidence_gate,64591.83,531.2
2026-02-23T21:58:41.326379+00:00,HOLD,74.6%,HOLD,HOLD,BUY,False,confidence_gate,64598.15,531.2
2026-02-23T21:59:41.546003+00:00,HOLD,74.6%,HOLD,HOLD,BUY,False,confidence_gate,64564.10,531.2
2026-02-23T22:00:43.306295+00:00,HOLD,74.6%,HOLD,HOLD,BUY,False,confidence_gate,64564.10,531.2
2026-02-23T22:01:43.549543+00:00,HOLD,74.6%,HOLD,HOLD,BUY,False,confidence_gate,64560.76,531.2
2026-02-23T22:02:43.747494+00:00,HOLD,74.6%,HOLD,HOLD,BUY,False,confidence_gate,64693.41,531.2
2026-02-23T22:03:44.021115+00:00,HOLD,74.6%,HOLD,HOLD,BUY,False,confidence_gate,64711.79,531.2
2026-02-23T22:04:44.249044+00:00,HOLD,74.6%,HOLD,HOLD,BUY,False,confidence_gate,64778.87,531.2
2026-02-23T22:05:44.449888+00:00,HOLD,74.6%,HOLD,HOLD,BUY,False,confidence_gate,64789.83,531.2
2026-02-23T22:06:44.661102+00:00,HOLD,74.6%,HOLD,HOLD,BUY,False,confidence_gate,64777.11,531.2
2026-02-23T22:07:44.857083+00:00,HOLD,74.6%,HOLD,HOLD,BUY,False,confidence_gate,64772.19,531.2
2026-02-23T22:08:45.038281+00:00,HOLD,74.6%,HOLD,HOLD,BUY,False,confidence_gate,64892.27,531.2
2026-02-23T22:09:45.236752+00:00,HOLD,74.6%,HOLD,HOLD,BUY,False,confidence_gate,64901.74,531.2
2026-02-23T22:10:45.448985+00:00,HOLD,66.7%,HOLD,HOLD,HOLD,False,confidence_gate,64853.21,527.9
2026-02-23T22:11:45.651132+00:00,HOLD,66.7%,HOLD,HOLD,HOLD,False,confidence_gate,64829.34,527.9
2026-02-23T22:12:45.850170+00:00,HOLD,66.7%,HOLD,HOLD,HOLD,False,confidence_gate,64981.65,527.9
2026-02-23T22:13:46.049069+00:00,HOLD,66.7%,HOLD,HOLD,HOLD,False,confidence_gate,64876.63,527.9
2026-02-23T22:14:46.233034+00:00,HOLD,66.7%,HOLD,HOLD,HOLD,False,confidence_gate,64982.98,527.9
2026-02-23T22:15:46.444433+00:00,HOLD,66.7%,HOLD,HOLD,HOLD,False,confidence_gate,64985.25,527.9
2026-02-23T22:16:46.666742+00:00,HOLD,66.7%,HOLD,HOLD,HOLD,False,confidence_gate,65009.75,527.9
2026-02-23T22:17:46.869096+00:00,HOLD,66.7%,HOLD,HOLD,HOLD,False,confidence_gate,64939.66,527.9
2026-02-23T22:18:47.159666+00:00,HOLD,66.7%,HOLD,HOLD,HOLD,False,confidence_gate,64923.92,527.9
2026-02-23T22:19:47.370456+00:00,HOLD,66.7%,HOLD,HOLD,HOLD,False,confidence_gate,64900.27,527.9
2026-02-23T22:20:47.563647+00:00,HOLD,66.7%,HOLD,HOLD,HOLD,False,confidence_gate,64890.02,527.9
2026-02-23T22:21:47.822576+00:00,HOLD,66.7%,HOLD,HOLD,HOLD,False,confidence_gate,64849.77,527.9
2026-02-23T22:22:48.055403+00:00,HOLD,66.7%,HOLD,HOLD,HOLD,False,confidence_gate,64871.68,527.9
2026-02-23T22:23:48.256415+00:00,HOLD,66.7%,HOLD,HOLD,HOLD,False,confidence_gate,64950.55,527.9
2026-02-23T22:24:48.469393+00:00,HOLD,66.7%,HOLD,HOLD,HOLD,False,confidence_gate,64956.13,527.9
2026-02-23T22:25:48.665592+00:00,HOLD,66.7%,HOLD,HOLD,HOLD,False,confidence_gate,64941.19,527.9
2026-02-23T22:26:49.989545+00:00,HOLD,66.7%,HOLD,HOLD,HOLD,False,confidence_gate,64954.95,527.9
2026-02-23T22:27:51.263649+00:00,HOLD,66.7%,HOLD,HOLD,HOLD,False,confidence_gate,64956.38,527.9
2026-02-23T22:28:51.460014+00:00,HOLD,66.7%,HOLD,HOLD,HOLD,False,confidence_gate,64945.20,527.9
2026-02-23T22:29:51.660544+00:00,HOLD,66.7%,HOLD,HOLD,HOLD,False,confidence_gate,64935.38,527.9
2026-02-23T22:30:51.899909+00:00,HOLD,66.7%,HOLD,HOLD,HOLD,False,confidence_gate,64905.27,527.9
2026-02-23T22:31:52.113028+00:00,HOLD,66.7%,HOLD,HOLD,HOLD,False,confidence_gate,64854.43,527.9
2026-02-23T22:32:52.322614+00:00,HOLD,66.7%,HOLD,HOLD,HOLD,False,confidence_gate,64887.68,527.9
2026-02-23T22:33:52.518287+00:00,HOLD,66.7%,HOLD,HOLD,HOLD,False,confidence_gate,64903.31,527.9
2026-02-23T22:34:52.722194+00:00,HOLD,66.7%,HOLD,HOLD,HOLD,False,confidence_gate,64914.04,527.9
2026-02-23T22:35:52.907289+00:00,HOLD,66.7%,HOLD,HOLD,HOLD,False,confidence_gate,64893.06,527.9
2026-02-23T22:36:53.120276+00:00,HOLD,66.7%,HOLD,HOLD,HOLD,False,confidence_gate,64895.51,527.9
2026-02-23T22:37:53.323873+00:00,HOLD,66.7%,HOLD,HOLD,HOLD,False,confidence_gate,64907.03,527.9
2026-02-23T22:38:53.519537+00:00,HOLD,66.7%,HOLD,HOLD,HOLD,False,confidence_gate,64868.05,527.9
2026-02-23T22:39:53.738365+00:00,HOLD,66.7%,HOLD,HOLD,HOLD,False,confidence_gate,64876.52,527.9
2026-02-23T22:41:00.824134+00:00,HOLD,66.7%,HOLD,HOLD,HOLD,False,confidence_gate,64784.45,527.9
2026-02-23T22:42:01.766272+00:00,HOLD,66.7%,HOLD,HOLD,HOLD,False,confidence_gate,64874.84,527.9
2026-02-23T22:43:01.990029+00:00,HOLD,66.7%,HOLD,HOLD,HOLD,False,confidence_gate,64794.52,527.9
2026-02-23T22:44:02.199614+00:00,HOLD,66.7%,HOLD,HOLD,HOLD,False,confidence_gate,64800.18,527.9
2026-02-23T22:45:02.429380+00:00,HOLD,66.7%,HOLD,HOLD,HOLD,False,confidence_gate,64797.57,527.9
2026-02-23T22:46:02.627330+00:00,HOLD,66.7%,HOLD,HOLD,HOLD,False,confidence_gate,64828.79,527.9
2026-02-23T22:47:02.813577+00:00,HOLD,66.7%,HOLD,HOLD,HOLD,False,confidence_gate,64835.35,527.9
2026-02-23T22:48:03.036844+00:00,HOLD,66.7%,HOLD,HOLD,HOLD,False,confidence_gate,64784.98,527.9
2026-02-23T22:49:03.239480+00:00,HOLD,66.7%,HOLD,HOLD,HOLD,False,confidence_gate,64812.30,527.9
2026-02-23T22:50:03.439217+00:00,HOLD,66.7%,HOLD,HOLD,HOLD,False,confidence_gate,64833.48,527.9
2026-02-23T22:51:03.654007+00:00,HOLD,66.7%,HOLD,HOLD,HOLD,False,confidence_gate,64849.65,527.9
2026-02-23T22:52:03.882920+00:00,HOLD,66.7%,HOLD,HOLD,HOLD,False,confidence_gate,64824.66,527.9
2026-02-23T22:53:04.089035+00:00,HOLD,66.7%,HOLD,HOLD,HOLD,False,confidence_gate,64800.91,527.9
2026-02-23T22:54:04.294406+00:00,HOLD,66.7%,HOLD,HOLD,HOLD,False,confidence_gate,64750.50,527.9
2026-02-23T22:55:04.518301+00:00,HOLD,66.7%,HOLD,HOLD,HOLD,False,confidence_gate,64661.79,527.9
2026-02-23T22:56:04.733474+00:00,HOLD,66.7%,HOLD,HOLD,HOLD,False,confidence_gate,64696.43,527.9
2026-02-23T22:57:04.904651+00:00,HOLD,66.7%,HOLD,HOLD,HOLD,False,confidence_gate,64722.76,527.9
2026-02-23T22:58:05.102775+00:00,HOLD,66.7%,HOLD,HOLD,HOLD,False,confidence_gate,64718.68,527.9
2026-02-23T22:59:05.300997+00:00,HOLD,66.7%,HOLD,HOLD,HOLD,False,confidence_gate,64739.62,527.9
2026-02-23T23:00:06.352898+00:00,HOLD,66.7%,HOLD,HOLD,HOLD,False,confidence_gate,64695.55,527.9
2026-02-23T23:01:06.570099+00:00,HOLD,66.7%,HOLD,HOLD,HOLD,False,confidence_gate,64712.24,527.9
2026-02-23T23:02:06.753076+00:00,HOLD,66.7%,HOLD,HOLD,HOLD,False,confidence_gate,64735.62,527.9
2026-02-23T23:03:06.969824+00:00,HOLD,66.7%,HOLD,HOLD,HOLD,False,confidence_gate,64716.66,527.9
2026-02-23T23:04:07.166526+00:00,HOLD,66.7%,HOLD,HOLD,HOLD,False,confidence_gate,64732.48,527.9
2026-02-23T23:05:07.406143+00:00,HOLD,66.7%,HOLD,HOLD,HOLD,False,confidence_gate,64758.82,527.9
2026-02-23T23:06:07.606783+00:00,HOLD,66.7%,HOLD,HOLD,HOLD,False,confidence_gate,64757.30,527.9
2026-02-23T23:07:07.807570+00:00,HOLD,66.7%,HOLD,HOLD,HOLD,False,confidence_gate,64803.42,527.9
2026-02-23T23:08:08.020094+00:00,HOLD,66.7%,HOLD,HOLD,HOLD,False,confidence_gate,64873.02,527.9
2026-02-23T23:09:08.223144+00:00,HOLD,66.7%,HOLD,HOLD,HOLD,False,confidence_gate,64834.71,527.9
2026-02-23T23:10:08.416935+00:00,HOLD,74.9%,HOLD,BUY,HOLD,False,confidence_gate,64866.55,595.8
2026-02-23T23:11:08.611063+00:00,HOLD,74.9%,HOLD,BUY,HOLD,False,confidence_gate,64886.32,595.8
2026-02-23T23:12:08.798553+00:00,HOLD,74.9%,HOLD,BUY,HOLD,False,confidence_gate,64881.81,595.8
2026-02-23T23:13:08.990594+00:00,HOLD,74.9%,HOLD,BUY,HOLD,False,confidence_gate,64874.08,595.8
2026-02-23T23:14:09.198288+00:00,HOLD,74.9%,HOLD,BUY,HOLD,False,confidence_gate,64855.10,595.8
2026-02-23T23:15:09.434560+00:00,HOLD,74.9%,HOLD,BUY,HOLD,False,confidence_gate,64865.76,595.8
2026-02-23T23:16:09.648066+00:00,HOLD,74.9%,HOLD,BUY,HOLD,False,confidence_gate,64853.97,595.8
2026-02-23T23:17:09.842060+00:00,HOLD,74.9%,HOLD,BUY,HOLD,False,confidence_gate,64883.83,595.8
2026-02-23T23:18:10.037963+00:00,HOLD,74.9%,HOLD,BUY,HOLD,False,confidence_gate,64876.49,595.8
2026-02-23T23:19:10.326664+00:00,HOLD,74.9%,HOLD,BUY,HOLD,False,confidence_gate,64850.41,595.8
2026-02-23T23:20:10.533769+00:00,HOLD,74.9%,HOLD,BUY,HOLD,False,confidence_gate,64845.30,595.8
2026-02-23T23:21:10.750645+00:00,HOLD,74.9%,HOLD,BUY,HOLD,False,confidence_gate,64842.04,595.8
2026-02-23T23:22:10.940267+00:00,HOLD,74.9%,HOLD,BUY,HOLD,False,confidence_gate,64775.75,595.8
2026-02-23T23:23:11.139955+00:00,HOLD,74.9%,HOLD,BUY,HOLD,False,confidence_gate,64792.47,595.8
2026-02-23T23:24:11.428954+00:00,HOLD,74.9%,HOLD,BUY,HOLD,False,confidence_gate,64799.50,595.8
2026-02-23T23:25:11.655313+00:00,HOLD,74.9%,HOLD,BUY,HOLD,False,confidence_gate,64802.04,595.8
2026-02-23T23:26:11.844648+00:00,HOLD,74.9%,HOLD,BUY,HOLD,False,confidence_gate,64792.82,595.8
2026-02-23T23:27:12.063609+00:00,HOLD,74.9%,HOLD,BUY,HOLD,False,confidence_gate,64817.30,595.8
2026-02-23T23:28:12.277758+00:00,HOLD,74.9%,HOLD,BUY,HOLD,False,confidence_gate,64823.79,595.8
2026-02-23T23:29:12.487890+00:00,HOLD,74.9%,HOLD,BUY,HOLD,False,confidence_gate,64829.47,595.8
2026-02-23T23:30:12.691441+00:00,HOLD,74.9%,HOLD,BUY,HOLD,False,confidence_gate,64829.07,595.8
2026-02-23T23:31:12.884060+00:00,HOLD,74.9%,HOLD,BUY,HOLD,False,confidence_gate,64838.36,595.8
2026-02-23T23:32:13.123007+00:00,HOLD,74.9%,HOLD,BUY,HOLD,False,confidence_gate,64825.73,595.8
2026-02-23T23:33:13.338287+00:00,HOLD,74.9%,HOLD,BUY,HOLD,False,confidence_gate,64825.10,595.8
2026-02-23T23:34:13.551198+00:00,HOLD,74.9%,HOLD,BUY,HOLD,False,confidence_gate,64837.65,595.8
2026-02-23T23:35:13.762059+00:00,HOLD,74.9%,HOLD,BUY,HOLD,False,confidence_gate,64846.31,595.8
2026-02-23T23:36:13.948549+00:00,HOLD,74.9%,HOLD,BUY,HOLD,False,confidence_gate,64852.13,595.8
2026-02-23T23:37:14.160528+00:00,HOLD,74.9%,HOLD,BUY,HOLD,False,confidence_gate,64779.78,595.8
2026-02-23T23:38:14.375815+00:00,HOLD,74.9%,HOLD,BUY,HOLD,False,confidence_gate,64740.49,595.8
2026-02-23T23:39:14.651187+00:00,HOLD,74.9%,HOLD,BUY,HOLD,False,confidence_gate,64730.84,595.8
2026-02-23T23:40:14.868923+00:00,HOLD,74.9%,HOLD,BUY,HOLD,False,confidence_gate,64714.22,595.8
2026-02-23T23:41:15.079770+00:00,HOLD,74.9%,HOLD,BUY,HOLD,False,confidence_gate,64693.49,595.8
2026-02-23T23:42:15.324692+00:00,HOLD,74.9%,HOLD,BUY,HOLD,False,confidence_gate,64771.62,595.8
2026-02-23T23:43:15.548637+00:00,HOLD,74.9%,HOLD,BUY,HOLD,False,confidence_gate,64705.64,595.8
2026-02-23T23:44:15.728667+00:00,HOLD,74.9%,HOLD,BUY,HOLD,False,confidence_gate,64604.34,595.8
2026-02-23T23:45:15.940574+00:00,HOLD,74.9%,HOLD,BUY,HOLD,False,confidence_gate,64624.53,595.8
2026-02-23T23:46:16.144878+00:00,HOLD,74.9%,HOLD,BUY,HOLD,False,confidence_gate,64603.27,595.8
2026-02-23T23:47:16.357693+00:00,HOLD,74.9%,HOLD,BUY,HOLD,False,confidence_gate,64604.73,595.8
2026-02-23T23:48:16.548995+00:00,HOLD,74.9%,HOLD,BUY,HOLD,False,confidence_gate,64670.03,595.8
2026-02-23T23:49:16.750044+00:00,HOLD,74.9%,HOLD,BUY,HOLD,False,confidence_gate,64583.62,595.8
2026-02-23T23:50:16.949890+00:00,HOLD,74.9%,HOLD,BUY,HOLD,False,confidence_gate,64574.73,595.8
2026-02-23T23:51:17.154244+00:00,HOLD,74.9%,HOLD,BUY,HOLD,False,confidence_gate,64549.35,595.8
2026-02-23T23:52:17.371609+00:00,HOLD,74.9%,HOLD,BUY,HOLD,False,confidence_gate,64571.59,595.8
2026-02-23T23:53:17.575422+00:00,HOLD,74.9%,HOLD,BUY,HOLD,False,confidence_gate,64600.53,595.8
2026-02-23T23:54:17.788958+00:00,HOLD,74.9%,HOLD,BUY,HOLD,False,confidence_gate,64588.40,595.8
2026-02-23T23:55:17.996251+00:00,HOLD,74.9%,HOLD,BUY,HOLD,False,confidence_gate,64570.44,595.8
2026-02-23T23:56:18.205108+00:00,HOLD,74.9%,HOLD,BUY,HOLD,False,confidence_gate,64547.85,595.8
2026-02-23T23:57:18.405987+00:00,HOLD,74.9%,HOLD,BUY,HOLD,False,confidence_gate,64570.84,595.8
2026-02-23T23:58:18.597306+00:00,HOLD,74.9%,HOLD,BUY,HOLD,False,confidence_gate,64630.54,595.8
2026-02-23T23:59:18.792170+00:00,HOLD,74.9%,HOLD,BUY,HOLD,False,confidence_gate,64638.95,595.8
2026-02-24T00:00:19.882358+00:00,BUY,70.0%,HOLD,BUY,BUY,True,none,64681.21,595.8
2026-02-24T00:01:21.945079+00:00,BUY,70.0%,HOLD,BUY,BUY,True,none,64735.83,595.8
2026-02-24T00:02:22.143130+00:00,BUY,70.0%,HOLD,BUY,BUY,True,none,64660.12,595.8
2026-02-24T00:03:22.362607+00:00,BUY,70.0%,HOLD,BUY,BUY,True,none,64649.22,595.8
2026-02-24T00:04:22.571857+00:00,BUY,70.0%,HOLD,BUY,BUY,True,none,64688.00,595.8
2026-02-24T00:05:22.778239+00:00,BUY,70.0%,HOLD,BUY,BUY,True,none,64670.87,595.8
2026-02-24T00:06:22.997399+00:00,BUY,70.0%,HOLD,BUY,BUY,True,none,64667.99,595.8
2026-02-24T00:07:23.194153+00:00,BUY,70.0%,HOLD,BUY,BUY,True,none,64664.71,595.8
2026-02-24T00:08:23.408807+00:00,BUY,70.0%,HOLD,BUY,BUY,True,none,64679.80,595.8
2026-02-24T00:09:23.616218+00:00,BUY,70.0%,HOLD,BUY,BUY,True,none,64689.18,595.8
2026-02-24T00:10:23.805757+00:00,BUY,77.0%,HOLD,BUY,BUY,True,none,64732.78,613.1
2026-02-24T00:11:23.967554+00:00,BUY,77.0%,HOLD,BUY,BUY,True,none,64754.57,613.1
2026-02-24T00:12:24.178921+00:00,BUY,77.0%,HOLD,BUY,BUY,True,none,64832.52,613.1
2026-02-24T00:13:24.384900+00:00,BUY,77.0%,HOLD,BUY,BUY,True,none,64817.99,613.1
2026-02-24T00:14:24.605177+00:00,BUY,77.0%,HOLD,BUY,BUY,True,none,64843.59,613.1
2026-02-24T00:15:24.820793+00:00,BUY,77.0%,HOLD,BUY,BUY,True,none,64883.34,613.1
2026-02-24T00:16:25.015026+00:00,BUY,77.0%,HOLD,BUY,BUY,True,none,64887.42,613.1
2026-02-24T00:17:25.225652+00:00,BUY,77.0%,HOLD,BUY,BUY,True,none,64922.31,613.1
2026-02-24T00:18:25.436911+00:00,BUY,77.0%,HOLD,BUY,BUY,True,none,64935.81,613.1
2026-02-24T00:19:25.712723+00:00,BUY,77.0%,HOLD,BUY,BUY,True,none,64952.75,613.1
2026-02-24T00:20:25.924134+00:00,BUY,77.0%,HOLD,BUY,BUY,True,none,64971.79,613.1
2026-02-24T00:21:26.138871+00:00,BUY,77.0%,HOLD,BUY,BUY,False,spread_filter,65033.46,613.1
2026-02-24T00:22:26.349633+00:00,BUY,77.0%,HOLD,BUY,BUY,True,none,64971.93,613.1
2026-02-24T00:23:26.559420+00:00,BUY,77.0%,HOLD,BUY,BUY,True,none,64947.96,613.1
2026-02-24T00:24:26.760394+00:00,BUY,77.0%,HOLD,BUY,BUY,True,none,64894.54,613.1
2026-02-24T00:25:26.968387+00:00,BUY,77.0%,HOLD,BUY,BUY,True,none,64828.41,613.1
2026-02-24T00:26:27.169875+00:00,BUY,77.0%,HOLD,BUY,BUY,True,none,64842.58,613.1
2026-02-24T00:27:27.389946+00:00,BUY,77.0%,HOLD,BUY,BUY,True,none,64842.53,613.1
2026-02-24T00:28:27.599837+00:00,BUY,77.0%,HOLD,BUY,BUY,True,none,64831.47,613.1
2026-02-24T00:29:27.789558+00:00,BUY,77.0%,HOLD,BUY,BUY,True,none,64839.30,613.1
2026-02-24T00:30:27.976265+00:00,BUY,77.0%,HOLD,BUY,BUY,True,none,64806.39,613.1
2026-02-24T00:31:28.191982+00:00,BUY,77.0%,HOLD,BUY,BUY,True,none,64858.72,613.1
2026-02-24T00:32:28.410794+00:00,BUY,77.0%,HOLD,BUY,BUY,True,none,64854.54,613.1
2026-02-24T00:33:28.612367+00:00,BUY,77.0%,HOLD,BUY,BUY,True,none,64836.18,613.1
2026-02-24T00:34:28.835332+00:00,BUY,77.0%,HOLD,BUY,BUY,True,none,64854.13,613.1
2026-02-24T00:35:29.039680+00:00,BUY,77.0%,HOLD,BUY,BUY,True,none,64876.53,613.1
2026-02-24T00:36:29.253283+00:00,BUY,77.0%,HOLD,BUY,BUY,True,none,64888.44,613.1
2026-02-24T00:37:29.469638+00:00,BUY,77.0%,HOLD,BUY,BUY,True,none,64951.18,613.1
2026-02-24T00:38:29.694851+00:00,BUY,77.0%,HOLD,BUY,BUY,True,none,64898.02,613.1
2026-02-24T00:39:29.928126+00:00,BUY,77.0%,HOLD,BUY,BUY,True,none,64906.70,613.1
2026-02-24T00:40:30.149124+00:00,BUY,77.0%,HOLD,BUY,BUY,True,none,64952.04,613.1
2026-02-24T00:41:30.373631+00:00,BUY,77.0%,HOLD,BUY,BUY,True,none,64965.61,613.1
2026-02-24T00:42:30.571883+00:00,BUY,77.0%,HOLD,BUY,BUY,True,none,64977.64,613.1
2026-02-24T00:43:30.766000+00:00,BUY,77.0%,HOLD,BUY,BUY,True,none,64906.42,613.1
2026-02-24T00:44:30.984102+00:00,BUY,77.0%,HOLD,BUY,BUY,True,none,64912.12,613.1
2026-02-24T00:45:31.195776+00:00,BUY,77.0%,HOLD,BUY,BUY,True,none,64913.56,613.1
2026-02-24T00:46:31.390908+00:00,BUY,77.0%,HOLD,BUY,BUY,True,none,64913.23,613.1
2026-02-24T00:47:31.616250+00:00,BUY,77.0%,HOLD,BUY,BUY,True,none,64937.01,613.1
2026-02-24T00:48:31.823253+00:00,BUY,77.0%,HOLD,BUY,BUY,True,none,64909.59,613.1
2026-02-24T00:49:32.116255+00:00,BUY,77.0%,HOLD,BUY,BUY,True,none,64941.23,613.1
2026-02-24T00:50:32.321483+00:00,BUY,77.0%,HOLD,BUY,BUY,True,none,64989.47,613.1
2026-02-24T00:51:32.539149+00:00,BUY,77.0%,HOLD,BUY,BUY,True,none,64944.96,613.1
2026-02-24T00:52:32.753604+00:00,BUY,77.0%,HOLD,BUY,BUY,True,none,64964.55,613.1
2026-02-24T00:53:32.952104+00:00,BUY,77.0%,HOLD,BUY,BUY,True,none,64947.01,613.1
2026-02-24T00:54:33.163445+00:00,BUY,77.0%,HOLD,BUY,BUY,True,none,64957.92,613.1
2026-02-24T00:55:33.368793+00:00,BUY,77.0%,HOLD,BUY,BUY,True,none,64930.98,613.1
2026-02-24T00:56:33.568381+00:00,BUY,77.0%,HOLD,BUY,BUY,True,none,64889.27,613.1
2026-02-24T00:57:33.783589+00:00,BUY,77.0%,HOLD,BUY,BUY,True,none,64901.95,613.1
2026-02-24T00:58:33.980529+00:00,BUY,77.0%,HOLD,BUY,BUY,True,none,64932.92,613.1
2026-02-24T00:59:34.186440+00:00,BUY,77.0%,HOLD,BUY,BUY,True,none,64936.93,613.1
2026-02-24T01:00:35.284402+00:00,BUY,77.0%,HOLD,BUY,BUY,True,none,64896.92,613.1
2026-02-24T01:01:35.479498+00:00,BUY,77.0%,HOLD,BUY,BUY,True,none,64862.07,613.1
2026-02-24T01:02:35.677429+00:00,BUY,77.0%,HOLD,BUY,BUY,True,none,64783.94,613.1
2026-02-24T01:03:35.888135+00:00,BUY,77.0%,HOLD,BUY,BUY,True,none,64743.79,613.1
2026-02-24T01:04:36.077908+00:00,BUY,77.0%,HOLD,BUY,BUY,True,none,64759.65,613.1
2026-02-24T01:05:36.285760+00:00,BUY,77.0%,HOLD,BUY,BUY,True,none,64740.12,613.1
2026-02-24T01:06:36.489653+00:00,BUY,77.0%,HOLD,BUY,BUY,True,none,64745.23,613.1
2026-02-24T01:07:36.691192+00:00,BUY,77.0%,HOLD,BUY,BUY,True,none,64756.48,613.1
2026-02-24T01:08:36.872844+00:00,BUY,77.0%,HOLD,BUY,BUY,True,none,64747.82,613.1
2026-02-24T01:09:37.075803+00:00,BUY,77.0%,HOLD,BUY,BUY,False,spread_filter,64665.68,613.1
2026-02-24T01:10:37.311935+00:00,BUY,88.8%,BUY,BUY,BUY,True,none,64588.56,638.9
2026-02-24T01:11:37.500467+00:00,BUY,88.8%,BUY,BUY,BUY,True,none,64544.70,638.9
2026-02-24T01:12:37.700793+00:00,BUY,88.8%,BUY,BUY,BUY,True,none,64561.16,638.9
2026-02-24T01:13:37.912420+00:00,BUY,88.8%,BUY,BUY,BUY,True,none,64300.72,638.9
2026-02-24T01:14:38.116715+00:00,BUY,88.8%,BUY,BUY,BUY,True,none,64307.18,638.9
2026-02-24T01:15:38.310404+00:00,BUY,88.8%,BUY,BUY,BUY,False,spread_filter,64231.72,638.9
2026-02-24T01:16:45.394144+00:00,BUY,88.8%,BUY,BUY,BUY,False,spread_filter,63698.34,638.9
2026-02-24T01:17:46.464690+00:00,BUY,88.8%,BUY,BUY,BUY,False,spread_filter,63542.30,638.9
2026-02-24T01:18:46.684780+00:00,BUY,88.8%,BUY,BUY,BUY,False,spread_filter,63912.91,638.9
2026-02-24T01:19:47.008923+00:00,BUY,88.8%,BUY,BUY,BUY,True,none,63743.48,638.9
2026-02-24T01:20:49.086987+00:00,BUY,88.8%,BUY,BUY,BUY,False,daily_limit,64170.21,638.9
2026-02-24T01:21:49.286860+00:00,BUY,88.8%,BUY,BUY,BUY,False,daily_limit,64008.04,638.9
2026-02-24T01:22:49.470456+00:00,BUY,88.8%,BUY,BUY,BUY,False,daily_limit,64001.97,638.9
2026-02-24T01:23:49.671565+00:00,BUY,88.8%,BUY,BUY,BUY,False,daily_limit,64080.18,638.9
2026-02-24T01:24:49.885163+00:00,BUY,88.8%,BUY,BUY,BUY,False,daily_limit,64275.08,638.9
2026-02-24T01:25:50.103477+00:00,BUY,88.8%,BUY,BUY,BUY,False,daily_limit,64376.02,638.9
2026-02-24T01:26:50.327818+00:00,BUY,88.8%,BUY,BUY,BUY,False,daily_limit,64360.12,638.9
2026-02-24T01:27:50.540272+00:00,BUY,88.8%,BUY,BUY,BUY,False,daily_limit,64466.73,638.9
2026-02-24T01:28:50.738249+00:00,BUY,88.8%,BUY,BUY,BUY,False,daily_limit,64471.68,638.9
2026-02-24T01:29:54.231235+00:00,BUY,88.8%,BUY,BUY,BUY,False,daily_limit,64395.45,638.9
2026-02-24T01:30:57.376593+00:00,BUY,88.8%,BUY,BUY,BUY,False,daily_limit,64461.18,638.9
2026-02-24T01:32:00.159455+00:00,BUY,88.8%,BUY,BUY,BUY,False,daily_limit,64475.29,638.9
2026-02-24T01:33:02.323383+00:00,BUY,88.8%,BUY,BUY,BUY,False,daily_limit,64460.40,638.9
2026-02-24T01:34:05.456294+00:00,BUY,88.8%,BUY,BUY,BUY,False,daily_limit,64578.17,638.9
2026-02-24T01:36:48.262608+00:00,BUY,88.8%,BUY,BUY,BUY,False,loss_cooldown,64528.22,638.9
2026-02-24T01:36:48.282103+00:00,BUY,88.8%,BUY,BUY,BUY,False,loss_cooldown,64528.22,638.9
2026-02-24T01:37:58.524428+00:00,BUY,88.8%,BUY,BUY,BUY,False,loss_cooldown,64391.36,638.9
2026-02-24T01:37:58.936484+00:00,BUY,88.8%,BUY,BUY,BUY,False,loss_cooldown,64396.62,638.9
2026-02-24T01:39:01.905576+00:00,BUY,88.8%,BUY,BUY,BUY,False,loss_cooldown,64386.11,638.9
2026-02-24T01:39:48.858929+00:00,BUY,88.8%,BUY,BUY,BUY,False,daily_limit,64103.26,638.9
2026-02-24T01:40:03.371752+00:00,BUY,88.8%,BUY,BUY,BUY,False,loss_cooldown,64152.74,638.9
2026-02-24T01:40:50.622944+00:00,BUY,88.8%,BUY,BUY,BUY,False,daily_limit,64233.32,638.9
2026-02-24T01:41:05.474571+00:00,BUY,88.8%,BUY,BUY,BUY,False,loss_cooldown,64169.08,638.9
2026-02-24T01:41:52.239836+00:00,BUY,88.8%,BUY,BUY,BUY,False,daily_limit,64265.20,638.9
2026-02-24T01:42:06.978266+00:00,BUY,88.8%,BUY,BUY,BUY,False,loss_cooldown,64309.29,638.9
2026-02-24T01:42:54.485238+00:00,BUY,88.8%,BUY,BUY,BUY,False,daily_limit,64379.85,638.9
2026-02-24T01:43:08.852728+00:00,BUY,88.8%,BUY,BUY,BUY,False,loss_cooldown,64318.01,638.9
2026-02-24T01:43:55.792654+00:00,BUY,88.8%,BUY,BUY,BUY,False,daily_limit,64288.95,638.9
2026-02-24T01:44:10.867759+00:00,BUY,88.8%,BUY,BUY,BUY,False,loss_cooldown,64316.01,638.9
2026-02-24T01:44:57.073546+00:00,BUY,88.8%,BUY,BUY,BUY,False,daily_limit,64319.05,638.9
2026-02-24T01:45:12.062030+00:00,BUY,88.8%,BUY,BUY,BUY,False,loss_cooldown,64300.36,638.9
2026-02-24T01:45:58.278412+00:00,BUY,88.8%,BUY,BUY,BUY,False,daily_limit,64413.18,638.9
2026-02-24T01:46:13.162256+00:00,BUY,88.8%,BUY,BUY,BUY,False,loss_cooldown,64325.01,638.9
2026-02-24T01:46:59.589981+00:00,BUY,88.8%,BUY,BUY,BUY,False,daily_limit,64172.28,638.9
2026-02-24T01:47:14.505989+00:00,BUY,88.8%,BUY,BUY,BUY,False,loss_cooldown,64242.19,638.9
2026-02-24T01:48:01.022138+00:00,BUY,88.8%,BUY,BUY,BUY,False,daily_limit,64185.60,638.9
2026-02-24T01:48:15.595956+00:00,BUY,88.8%,BUY,BUY,BUY,False,loss_cooldown,64092.62,638.9
2026-02-24T01:49:01.448156+00:00,BUY,88.8%,BUY,BUY,BUY,False,daily_limit,64143.32,638.9
2026-02-24T01:49:15.840054+00:00,BUY,88.8%,BUY,BUY,BUY,False,loss_cooldown,64166.68,638.9
2026-02-24T01:50:01.642839+00:00,BUY,88.8%,BUY,BUY,BUY,False,daily_limit,64313.54,638.9
2026-02-24T01:50:16.001853+00:00,BUY,88.8%,BUY,BUY,BUY,False,loss_cooldown,64266.65,638.9
2026-02-24T01:51:01.858833+00:00,BUY,88.8%,BUY,BUY,BUY,False,daily_limit,64232.87,638.9
2026-02-24T01:51:18.577087+00:00,BUY,88.8%,BUY,BUY,BUY,False,loss_cooldown,64260.23,638.9
2026-02-24T01:52:06.614993+00:00,BUY,88.8%,BUY,BUY,BUY,False,daily_limit,64321.40,638.9
2026-02-24T01:52:22.083257+00:00,BUY,88.8%,BUY,BUY,BUY,True,none,64295.85,638.9
2026-02-24T01:53:08.574392+00:00,BUY,88.8%,BUY,BUY,BUY,False,daily_limit,64252.99,638.9
2026-02-24T01:53:29.148000+00:00,BUY,88.8%,BUY,BUY,BUY,True,none,64247.66,638.9
2026-02-24T01:54:11.720387+00:00,BUY,88.8%,BUY,BUY,BUY,False,daily_limit,64256.06,638.9
2026-02-24T01:54:34.486483+00:00,BUY,88.8%,BUY,BUY,BUY,True,none,64246.25,638.9
