timestamp,h4_trend,h1_setup,signal,atr,status,blocked_by
2026-02-26T16:51:36.906956+00:00,bearish,pullback,sell,529,executed,
2026-02-26T16:51:36.950905+00:00,SELL,0,,,,True,none,66650.18,
2026-02-26T16:52:39.094439+00:00,bearish,pullback,sell,529,executed,
2026-02-26T16:52:39.111546+00:00,SELL,0,,,,True,none,66682.73,
2026-02-26T16:53:39.159911+00:00,bearish,pullback,sell,529,executed,
2026-02-26T16:53:39.176392+00:00,SELL,0,,,,True,none,66639.61,
2026-02-26T16:54:39.217899+00:00,bearish,pullback,sell,529,executed,
2026-02-26T16:54:39.232208+00:00,SELL,0,,,,True,none,66660.03,
2026-02-26T16:55:39.269450+00:00,bearish,pullback,sell,529,executed,
2026-02-26T16:55:39.286739+00:00,SELL,0,,,,True,none,66644.43,
2026-02-26T16:56:39.329689+00:00,bearish,pullback,sell,529,executed,
2026-02-26T16:56:39.347124+00:00,SELL,0,,,,True,none,66705.79,
2026-02-26T16:57:39.389212+00:00,bearish,pullback,sell,529,executed,
2026-02-26T16:57:39.405773+00:00,SELL,0,,,,True,none,66675.87,
2026-02-26T16:58:39.518385+00:00,bearish,pullback,sell,529,executed,
2026-02-26T16:58:39.526006+00:00,SELL,0,,,,False,spread_filter,66562.50,
2026-02-26T16:59:39.569534+00:00,bearish,pullback,sell,529,executed,
2026-02-26T16:59:39.587825+00:00,SELL,0,,,,True,none,66662.28,
2026-02-27T05:00:29.713303+00:00,bullish,pullback,buy,621,executed,
2026-02-27T05:00:29.778160+00:00,BUY,0,,,,True,none,67758.51,
2026-02-27T05:01:31.750126+00:00,bullish,pullback,buy,621,executed,
2026-02-27T05:01:31.763863+00:00,BUY,0,,,,True,none,67798.68,
2026-02-27T05:02:31.815958+00:00,bullish,pullback,buy,621,executed,
2026-02-27T05:02:31.830361+00:00,BUY,0,,,,True,none,67805.83,
2026-02-27T05:03:31.900257+00:00,bullish,pullback,buy,621,executed,
2026-02-27T05:03:31.914530+00:00,BUY,0,,,,True,none,67838.73,
2026-02-27T05:04:31.966838+00:00,bullish,pullback,buy,621,executed,
2026-02-27T05:04:31.981515+00:00,BUY,0,,,,True,none,67835.59,
2026-02-27T05:05:32.025857+00:00,bullish,pullback,buy,621,executed,
2026-02-27T05:05:32.041181+00:00,BUY,0,,,,True,none,67842.82,
2026-02-27T05:06:32.087957+00:00,bullish,pullback,buy,621,executed,
2026-02-27T05:06:32.104830+00:00,BUY,0,,,,True,none,67847.18,
2026-02-27T05:07:32.144522+00:00,bullish,pullback,buy,621,executed,
2026-02-27T05:07:32.159436+00:00,BUY,0,,,,True,none,67843.34,
2026-02-27T05:08:32.204759+00:00,bullish,pullback,buy,621,executed,
2026-02-27T05:08:32.223415+00:00,BUY,0,,,,True,none,67829.86,
2026-02-27T05:09:32.267318+00:00,bullish,pullback,buy,621,executed,
2026-02-27T05:09:32.283871+00:00,BUY,0,,,,True,none,67791.12,
2026-02-27T05:10:32.326757+00:00,bullish,pullback,buy,621,executed,
2026-02-27T05:10:32.344704+00:00,BUY,0,,,,True,none,67790.78,
2026-02-27T05:11:32.388133+00:00,bullish,pullback,buy,621,executed,
2026-02-27T05:11:32.407195+00:00,BUY,0,,,,True,none,67840.22,
2026-02-27T05:12:32.461931+00:00,bullish,pullback,buy,621,executed,
2026-02-27T05:12:32.480052+00:00,BUY,0,,,,True,none,67922.91,
2026-02-27T05:13:32.544354+00:00,bullish,pullback,buy,621,executed,
2026-02-27T05:13:32.565864+00:00,BUY,0,,,,True,none,67893.91,
2026-02-27T05:14:32.608166+00:00,bullish,pullback,buy,621,executed,
2026-02-27T05:14:32.631577+00:00,BUY,0,,,,True,none,67890.18,
2026-02-27T05:15:32.681421+00:00,bullish,pullback,buy,621,executed,
2026-02-27T05:15:32.695755+00:00,BUY,0,,,,True,none,67886.82,
2026-02-27T05:16:34.189398+00:00,bullish,pullback,buy,621,executed,
2026-02-27T05:16:34.205424+00:00,BUY,0,,,,True,none,67851.97,
2026-02-27T05:17:34.248628+00:00,bullish,pullback,buy,621,executed,
2026-02-27T05:17:34.267253+00:00,BUY,0,,,,True,none,67859.00,
2026-02-27T05:18:34.316200+00:00,bullish,pullback,buy,621,executed,
2026-02-27T05:18:34.331905+00:00,BUY,0,,,,True,none,67888.34,
2026-02-27T05:19:34.376800+00:00,bullish,pullback,buy,621,executed,
2026-02-27T05:19:34.392608+00:00,BUY,0,,,,True,none,67875.95,
2026-02-27T05:20:34.434449+00:00,bullish,pullback,buy,621,executed,
2026-02-27T05:20:34.447416+00:00,BUY,0,,,,True,none,67891.31,
2026-02-27T05:21:35.513024+00:00,bullish,pullback,buy,621,executed,
2026-02-27T05:21:35.525740+00:00,BUY,0,,,,True,none,67805.97,
2026-02-27T05:22:42.543635+00:00,bullish,pullback,buy,621,executed,
2026-02-27T05:22:42.561240+00:00,BUY,0,,,,True,none,67785.11,
2026-02-27T05:23:44.597226+00:00,bullish,pullback,buy,621,executed,
2026-02-27T05:23:44.623041+00:00,BUY,0,,,,True,none,67701.63,
2026-02-27T05:24:44.674393+00:00,bullish,pullback,buy,621,executed,
2026-02-27T05:24:44.693640+00:00,BUY,0,,,,True,none,67782.24,
2026-02-27T05:25:44.738522+00:00,bullish,pullback,buy,621,executed,
2026-02-27T05:25:44.754148+00:00,BUY,0,,,,True,none,67814.54,
2026-02-27T05:26:44.822445+00:00,bullish,pullback,buy,621,executed,
2026-02-27T05:26:44.836888+00:00,BUY,0,,,,True,none,67793.01,
2026-02-27T05:27:44.884534+00:00,bullish,pullback,buy,621,executed,
2026-02-27T05:27:44.902011+00:00,BUY,0,,,,True,none,67795.85,
2026-02-27T05:28:44.945661+00:00,bullish,pullback,buy,621,executed,
2026-02-27T05:28:44.989385+00:00,BUY,0,,,,True,none,67852.27,
2026-02-27T05:29:45.039246+00:00,bullish,pullback,buy,621,executed,
2026-02-27T05:29:45.051694+00:00,BUY,0,,,,True,none,67804.78,
2026-02-27T05:30:45.091537+00:00,bullish,pullback,buy,621,executed,
2026-02-27T05:30:45.106581+00:00,BUY,0,,,,True,none,67842.11,
2026-02-27T05:31:45.195264+00:00,bullish,pullback,buy,621,executed,
2026-02-27T05:31:45.212007+00:00,BUY,0,,,,True,none,67848.41,
2026-02-27T05:32:45.265901+00:00,bullish,pullback,buy,621,executed,
2026-02-27T05:32:45.281040+00:00,BUY,0,,,,True,none,67879.28,
2026-02-27T05:33:45.325315+00:00,bullish,pullback,buy,621,executed,
2026-02-27T05:33:45.338074+00:00,BUY,0,,,,True,none,67849.87,
2026-02-27T05:34:45.379776+00:00,bullish,pullback,buy,621,executed,
2026-02-27T05:34:45.396074+00:00,BUY,0,,,,True,none,67843.82,
2026-02-27T05:35:45.441916+00:00,bullish,pullback,buy,621,executed,
2026-02-27T05:35:45.462741+00:00,BUY,0,,,,True,none,67824.20,
2026-02-27T05:36:45.505984+00:00,bullish,pullback,buy,621,executed,
2026-02-27T05:36:45.521694+00:00,BUY,0,,,,True,none,67814.22,
2026-02-27T05:37:45.588156+00:00,bullish,pullback,buy,621,executed,
2026-02-27T05:37:45.602276+00:00,BUY,0,,,,True,none,67815.52,
2026-02-27T05:38:46.805040+00:00,bullish,pullback,buy,621,executed,
2026-02-27T05:38:46.821119+00:00,BUY,0,,,,True,none,67847.31,
2026-02-27T05:39:47.978448+00:00,bullish,pullback,buy,621,executed,
2026-02-27T05:39:47.995879+00:00,BUY,0,,,,True,none,67872.10,
2026-02-27T05:40:49.066749+00:00,bullish,pullback,buy,621,executed,
2026-02-27T05:40:49.084664+00:00,BUY,0,,,,True,none,67840.32,
2026-02-27T05:41:49.129646+00:00,bullish,pullback,buy,621,executed,
2026-02-27T05:41:49.147393+00:00,BUY,0,,,,True,none,67846.13,
2026-02-27T05:42:49.199513+00:00,bullish,pullback,buy,621,executed,
2026-02-27T05:42:49.213768+00:00,BUY,0,,,,True,none,67849.96,
2026-02-27T05:43:49.258431+00:00,bullish,pullback,buy,621,executed,
2026-02-27T05:43:49.274856+00:00,BUY,0,,,,True,none,67881.55,
2026-02-27T05:44:50.470784+00:00,bullish,pullback,buy,621,executed,
2026-02-27T05:44:50.486861+00:00,BUY,0,,,,True,none,67840.41,
2026-02-27T05:45:50.543686+00:00,bullish,pullback,buy,621,executed,
2026-02-27T05:45:50.557714+00:00,BUY,0,,,,True,none,67839.50,
2026-02-27T05:46:50.614038+00:00,bullish,pullback,buy,621,executed,
2026-02-27T05:46:50.628269+00:00,BUY,0,,,,True,none,67823.87,
2026-02-27T05:47:57.663085+00:00,bullish,pullback,buy,621,executed,
2026-02-27T05:47:57.682242+00:00,BUY,0,,,,True,none,67782.56,
2026-02-27T05:48:59.715871+00:00,bullish,pullback,buy,621,executed,
2026-02-27T05:48:59.730412+00:00,BUY,0,,,,True,none,67791.19,
2026-02-27T05:49:59.776953+00:00,bullish,pullback,buy,621,executed,
2026-02-27T05:49:59.792454+00:00,BUY,0,,,,True,none,67780.44,
2026-02-27T05:50:59.843841+00:00,bullish,pullback,buy,621,executed,
2026-02-27T05:50:59.858642+00:00,BUY,0,,,,True,none,67797.48,
2026-02-27T05:51:59.898378+00:00,bullish,pullback,buy,621,executed,
2026-02-27T05:51:59.914027+00:00,BUY,0,,,,True,none,67788.06,
2026-02-27T05:52:59.962129+00:00,bullish,pullback,buy,621,executed,
2026-02-27T05:52:59.979915+00:00,BUY,0,,,,True,none,67812.83,
2026-02-27T05:54:00.027836+00:00,bullish,pullback,buy,621,executed,
2026-02-27T05:54:00.041501+00:00,BUY,0,,,,True,none,67777.06,
2026-02-27T05:55:00.080513+00:00,bullish,pullback,buy,621,executed,
2026-02-27T05:55:00.095667+00:00,BUY,0,,,,True,none,67752.46,
2026-02-27T05:56:00.132984+00:00,bullish,pullback,buy,621,executed,
2026-02-27T05:56:00.147777+00:00,BUY,0,,,,True,none,67758.46,
2026-02-27T05:57:00.189836+00:00,bullish,pullback,buy,621,executed,
2026-02-27T05:57:00.202824+00:00,BUY,0,,,,True,none,67731.10,
2026-02-27T05:58:00.240958+00:00,bullish,pullback,buy,621,executed,
2026-02-27T05:58:00.258467+00:00,BUY,0,,,,True,none,67716.02,
2026-02-27T05:59:00.303832+00:00,bullish,pullback,buy,621,executed,
2026-02-27T05:59:00.320214+00:00,BUY,0,,,,True,none,67713.03,
2026-02-27T06:00:01.231701+00:00,bullish,pullback,buy,596,executed,
2026-02-27T06:00:01.249924+00:00,BUY,0,,,,True,none,67738.49,
2026-02-27T06:01:01.376303+00:00,bullish,pullback,buy,596,executed,
2026-02-27T06:01:01.393928+00:00,BUY,0,,,,True,none,67745.14,
2026-02-27T06:02:01.482225+00:00,bullish,pullback,buy,596,executed,
2026-02-27T06:02:01.498295+00:00,BUY,0,,,,True,none,67759.55,
2026-02-27T06:03:01.551123+00:00,bullish,pullback,buy,596,executed,
2026-02-27T06:03:01.563428+00:00,BUY,0,,,,True,none,67751.21,
2026-02-27T06:04:02.782669+00:00,bullish,pullback,buy,596,executed,
2026-02-27T06:04:02.796954+00:00,BUY,0,,,,True,none,67794.74,
2026-02-27T06:05:03.961876+00:00,bullish,pullback,buy,596,executed,
2026-02-27T06:05:03.989689+00:00,BUY,0,,,,True,none,67775.19,
2026-02-27T06:06:04.038204+00:00,bullish,pullback,buy,596,executed,
2026-02-27T06:06:04.052820+00:00,BUY,0,,,,True,none,67780.01,
2026-02-27T06:07:04.099511+00:00,bullish,pullback,buy,596,executed,
2026-02-27T06:07:04.112335+00:00,BUY,0,,,,True,none,67763.56,
2026-02-27T06:08:04.164498+00:00,bullish,pullback,buy,596,executed,
2026-02-27T06:08:04.180435+00:00,BUY,0,,,,True,none,67763.12,
2026-02-27T06:09:04.237588+00:00,bullish,pullback,buy,596,executed,
2026-02-27T06:09:04.256727+00:00,BUY,0,,,,True,none,67750.97,
2026-02-27T06:10:11.211276+00:00,bullish,pullback,buy,596,executed,
2026-02-27T06:10:11.226094+00:00,BUY,0,,,,True,none,67736.66,
2026-02-27T06:11:13.176224+00:00,bullish,pullback,buy,596,executed,
2026-02-27T06:11:13.207842+00:00,BUY,0,,,,True,none,67723.43,
2026-02-27T06:12:13.268814+00:00,bullish,pullback,buy,596,executed,
2026-02-27T06:12:13.285032+00:00,BUY,0,,,,True,none,67713.37,
2026-02-27T06:13:13.358203+00:00,bullish,pullback,buy,596,executed,
2026-02-27T06:13:13.397790+00:00,BUY,0,,,,True,none,67670.73,
2026-02-27T06:14:13.577491+00:00,bullish,pullback,buy,596,executed,
2026-02-27T06:14:13.598546+00:00,BUY,0,,,,True,none,67697.15,
2026-02-27T06:15:13.643469+00:00,bullish,pullback,buy,596,executed,
2026-02-27T06:15:13.661735+00:00,BUY,0,,,,True,none,67658.99,
2026-02-27T06:16:13.704039+00:00,bullish,pullback,buy,596,executed,
2026-02-27T06:16:13.715022+00:00,BUY,0,,,,True,none,67699.31,
2026-02-27T06:17:13.754311+00:00,bullish,pullback,buy,596,executed,
2026-02-27T06:17:13.775646+00:00,BUY,0,,,,True,none,67697.14,
2026-02-27T06:18:13.819424+00:00,bullish,pullback,buy,596,executed,
2026-02-27T06:18:13.835341+00:00,BUY,0,,,,True,none,67710.49,
2026-02-27T06:19:13.876850+00:00,bullish,pullback,buy,596,executed,
2026-02-27T06:19:13.889024+00:00,BUY,0,,,,True,none,67666.84,
2026-02-27T06:20:13.954599+00:00,bullish,pullback,buy,596,executed,
2026-02-27T06:20:13.966834+00:00,BUY,0,,,,True,none,67647.98,
2026-02-27T06:21:14.007831+00:00,bullish,pullback,buy,596,executed,
2026-02-27T06:21:14.025007+00:00,BUY,0,,,,True,none,67611.75,
2026-02-27T06:22:14.065538+00:00,bullish,pullback,buy,596,executed,
2026-02-27T06:22:14.078335+00:00,BUY,0,,,,True,none,67657.65,
2026-02-27T06:23:14.118203+00:00,bullish,pullback,buy,596,executed,
2026-02-27T06:23:14.133739+00:00,BUY,0,,,,True,none,67612.17,
2026-02-27T06:24:14.179956+00:00,bullish,pullback,buy,596,executed,
2026-02-27T06:24:14.196225+00:00,BUY,0,,,,True,none,67614.07,
2026-02-27T06:25:14.236800+00:00,bullish,pullback,buy,596,executed,
2026-02-27T06:25:14.250763+00:00,BUY,0,,,,True,none,67614.66,
2026-02-27T06:26:15.432621+00:00,bullish,pullback,buy,596,executed,
2026-02-27T06:26:15.467185+00:00,BUY,0,,,,False,spread_filter,67564.70,
2026-02-27T06:27:15.520984+00:00,bullish,pullback,buy,596,executed,
2026-02-27T06:27:15.533898+00:00,BUY,0,,,,True,none,67569.83,
2026-02-27T06:28:15.575927+00:00,bullish,pullback,buy,596,executed,
2026-02-27T06:28:15.588354+00:00,BUY,0,,,,True,none,67564.82,
2026-02-27T06:29:15.629140+00:00,bullish,pullback,buy,596,executed,
2026-02-27T06:29:15.641992+00:00,BUY,0,,,,True,none,67592.17,
2026-02-27T06:30:15.683983+00:00,bullish,pullback,buy,596,executed,
2026-02-27T06:30:15.698750+00:00,BUY,0,,,,True,none,67645.68,
2026-02-27T06:31:16.901484+00:00,bullish,pullback,buy,596,executed,
2026-02-27T06:31:16.927302+00:00,BUY,0,,,,True,none,67703.54,
2026-02-27T06:32:18.203935+00:00,bullish,pullback,buy,596,executed,
2026-02-27T06:32:18.218174+00:00,BUY,0,,,,True,none,67678.39,
2026-02-27T06:33:18.267657+00:00,bullish,pullback,buy,596,executed,
2026-02-27T06:33:18.283953+00:00,BUY,0,,,,True,none,67643.31,
2026-02-27T06:34:18.335476+00:00,bullish,pullback,buy,596,executed,
2026-02-27T06:34:18.347239+00:00,BUY,0,,,,True,none,67630.77,
2026-02-27T06:35:18.391650+00:00,bullish,pullback,buy,596,executed,
2026-02-27T06:35:18.402677+00:00,BUY,0,,,,True,none,67680.04,
2026-02-27T06:36:18.455009+00:00,bullish,pullback,buy,596,executed,
2026-02-27T06:36:18.467765+00:00,BUY,0,,,,True,none,67770.04,
2026-02-27T06:37:19.594380+00:00,bullish,pullback,buy,596,executed,
2026-02-27T06:37:19.612906+00:00,BUY,0,,,,True,none,67735.22,
2026-02-27T06:38:19.656763+00:00,bullish,pullback,buy,596,executed,
2026-02-27T06:38:19.673067+00:00,BUY,0,,,,True,none,67712.74,
2026-02-27T06:39:19.722694+00:00,bullish,pullback,buy,596,executed,
2026-02-27T06:39:19.732986+00:00,BUY,0,,,,True,none,67720.70,
2026-02-27T06:40:19.779318+00:00,bullish,pullback,buy,596,executed,
2026-02-27T06:40:19.795304+00:00,BUY,0,,,,True,none,67740.71,
2026-02-27T06:41:19.837995+00:00,bullish,pullback,buy,596,executed,
2026-02-27T06:41:19.852638+00:00,BUY,0,,,,True,none,67783.92,
2026-02-27T06:42:23.106327+00:00,bullish,pullback,buy,596,executed,
2026-02-27T06:42:23.314340+00:00,BUY,0,,,,True,none,67781.48,
2026-02-27T06:43:40.433521+00:00,bullish,pullback,buy,596,executed,
2026-02-27T06:43:40.826364+00:00,BUY,0,,,,True,none,67765.88,
2026-02-27T06:44:41.903708+00:00,bullish,pullback,buy,596,executed,
2026-02-27T06:44:43.055986+00:00,BUY,0,,,,True,none,67751.13,
2026-02-27T06:45:43.822948+00:00,bullish,pullback,buy,596,executed,
2026-02-27T06:45:44.027220+00:00,BUY,0,,,,True,none,67771.86,
2026-02-27T06:46:45.006119+00:00,bullish,pullback,buy,596,executed,
2026-02-27T06:46:45.410052+00:00,BUY,0,,,,True,none,67754.91,
2026-02-27T06:47:47.390111+00:00,bullish,pullback,buy,596,executed,
2026-02-27T06:47:47.712897+00:00,BUY,0,,,,True,none,67823.24,
2026-02-27T06:48:51.936022+00:00,bullish,pullback,buy,596,executed,
2026-02-27T06:48:52.571047+00:00,BUY,0,,,,True,none,67834.47,
2026-02-27T06:50:08.692743+00:00,bullish,pullback,buy,596,executed,
2026-02-27T06:50:08.798225+00:00,BUY,0,,,,True,none,67756.76,
2026-02-27T06:51:09.239319+00:00,bullish,pullback,buy,596,executed,
2026-02-27T06:51:09.429507+00:00,BUY,0,,,,True,none,67753.75,
2026-02-27T06:52:11.597481+00:00,bullish,pullback,buy,596,executed,
2026-02-27T06:52:11.807270+00:00,BUY,0,,,,True,none,67732.31,
2026-02-27T06:53:13.811056+00:00,bullish,pullback,buy,596,executed,
2026-02-27T06:53:13.922316+00:00,BUY,0,,,,True,none,67743.60,
2026-02-27T06:54:21.823899+00:00,bullish,pullback,buy,596,executed,
2026-02-27T06:54:21.944767+00:00,BUY,0,,,,True,none,67727.31,
2026-02-27T06:55:26.095519+00:00,bullish,pullback,buy,596,executed,
2026-02-27T06:55:26.298134+00:00,BUY,0,,,,True,none,67716.53,
2026-02-27T06:56:27.358281+00:00,bullish,pullback,buy,596,executed,
2026-02-27T06:56:27.835042+00:00,BUY,0,,,,True,none,67700.01,
2026-02-27T06:57:28.948597+00:00,bullish,pullback,buy,596,executed,
2026-02-27T06:57:29.149989+00:00,BUY,0,,,,True,none,67671.45,
2026-02-27T06:58:29.655101+00:00,bullish,pullback,buy,596,executed,
2026-02-27T06:58:29.810049+00:00,BUY,0,,,,True,none,67663.96,
2026-02-27T06:59:31.310106+00:00,bullish,pullback,buy,596,executed,
2026-02-27T06:59:31.452297+00:00,BUY,0,,,,True,none,67669.97,
2026-02-27T08:48:15.213518+00:00,bullish,pullback,buy,490,executed,
2026-02-27T08:48:15.227634+00:00,BUY,0,,,,False,loss_cooldown,68043.26,
2026-02-27T08:49:16.325339+00:00,bullish,pullback,buy,490,executed,
2026-02-27T08:49:16.338942+00:00,BUY,0,,,,False,loss_cooldown,68009.00,
2026-02-27T08:50:16.405306+00:00,bullish,pullback,buy,490,executed,
2026-02-27T08:50:16.416367+00:00,BUY,0,,,,False,loss_cooldown,68008.07,
2026-02-27T08:51:23.284175+00:00,bullish,pullback,buy,490,executed,
2026-02-27T08:51:23.292231+00:00,BUY,0,,,,False,loss_cooldown,67959.99,
2026-02-27T08:52:23.345342+00:00,bullish,pullback,buy,490,executed,
2026-02-27T08:52:23.361526+00:00,BUY,0,,,,False,loss_cooldown,67933.53,
2026-02-27T09:28:28.192948+00:00,bullish,pullback,buy,481,executed,
2026-02-27T09:28:28.203092+00:00,BUY,0,,,,False,loss_cooldown,68009.47,
2026-02-27T09:29:00.314395+00:00,bullish,pullback,buy,481,executed,
2026-02-27T09:29:00.327778+00:00,BUY,0,,,,False,loss_cooldown,68016.26,
2026-02-27T09:30:02.920247+00:00,bullish,pullback,buy,481,executed,
2026-02-27T09:30:02.932838+00:00,BUY,0,,,,False,loss_cooldown,68020.69,
2026-02-27T10:00:04.530123+00:00,bullish,pullback,buy,453,executed,
2026-02-27T10:00:04.577479+00:00,BUY,0,,,,True,none,67372.29,
2026-02-28T06:00:18.920406+00:00,bearish,breakout,sell,433,executed,
2026-02-28T06:00:19.070035+00:00,SELL,0,,,,True,none,65582.42,
2026-02-28T08:00:31.370933+00:00,bearish,breakout,sell,550,executed,
2026-02-28T08:00:31.410513+00:00,SELL,0,,,,True,none,63764.59,
2026-02-28T16:00:12.756164+00:00,bearish,pullback,sell,729,executed,
2026-02-28T16:00:13.472430+00:00,SELL,0,,,,True,none,64844.10,
2026-02-28T17:00:46.135913+00:00,bearish,pullback,sell,769,executed,
2026-02-28T17:00:47.498176+00:00,SELL,0,,,,True,none,65094.13,
2026-03-01T13:00:12.115281+00:00,bearish,pullback,sell,669,executed,
2026-03-01T13:00:12.168053+00:00,SELL,0,,,,True,none,66334.76,
2026-03-01T18:00:31.321024+00:00,bearish,pullback,sell,618,executed,
2026-03-01T18:00:31.371838+00:00,SELL,0,,,,True,none,66039.64,
2026-03-01T20:00:36.983592+00:00,bearish,pullback,sell,634,executed,
2026-03-01T20:00:37.025241+00:00,SELL,0,,,,True,none,65974.21,
2026-03-01T21:00:38.663265+00:00,bearish,pullback,sell,648,executed,
2026-03-01T21:00:38.699983+00:00,SELL,0,,,,True,none,65336.56,
2026-03-01T22:00:40.231574+00:00,bearish,breakout,sell,670,executed,
2026-03-01T22:00:40.256805+00:00,SELL,0,,,,True,none,65738.50,
2026-03-02T00:00:43.161369+00:00,bearish,pullback,sell,707,executed,
2026-03-02T00:00:43.183517+00:00,SELL,0,,,,True,none,65764.18,
2026-03-02T08:00:01.727183+00:00,bearish,pullback,sell,757,executed,
2026-03-02T08:00:01.789060+00:00,SELL,0,,,,True,none,66016.20,
2026-03-02T09:00:05.485351+00:00,bearish,breakout,sell,767,executed,
2026-03-02T09:00:05.512463+00:00,SELL,0,,,,True,none,66258.70,
2026-03-02T10:00:07.174903+00:00,bearish,pullback,sell,766,executed,
2026-03-02T10:00:07.213986+00:00,SELL,0,,,,True,none,66171.67,
2026-03-02T11:00:08.870175+00:00,bearish,pullback,sell,764,executed,
2026-03-02T11:00:08.893742+00:00,SELL,0,,,,True,none,66297.63,
2026-03-02T14:00:16.979146+00:00,bearish,pullback,sell,663,executed,
2026-03-02T14:00:17.024784+00:00,SELL,0,,,,True,none,65401.01,
2026-03-02T15:00:25.445501+00:00,bearish,pullback,sell,652,executed,
2026-03-02T15:00:25.476660+00:00,SELL,0,,,,True,none,67173.81,
2026-03-02T22:00:44.860153+00:00,bullish,breakout,buy,915,executed,
2026-03-02T22:00:44.923986+00:00,BUY,0,,,,True,none,69415.56,
2026-03-03T04:00:55.978306+00:00,bullish,pullback,buy,921,executed,
2026-03-03T04:00:56.020125+00:00,BUY,0,,,,True,none,68421.15,
2026-03-03T05:00:59.543807+00:00,bullish,pullback,buy,887,executed,
2026-03-03T05:00:59.572592+00:00,BUY,0,,,,True,none,68159.59,
2026-03-03T17:00:52.942661+00:00,bullish,pullback,buy,777,executed,
2026-03-03T17:00:53.028095+00:00,BUY,0,,,,True,none,68151.73,
2026-03-03T18:00:07.758679+00:00,bullish,pullback,buy,845,executed,
2026-03-03T18:00:07.893954+00:00,BUY,0,,,,False,weekly_limit,68316.18,
2026-03-03T19:00:14.722618+00:00,bullish,pullback,buy,877,executed,
2026-03-03T19:00:14.812344+00:00,BUY,0,,,,False,weekly_limit,68664.59,
2026-03-03T20:00:21.112177+00:00,bullish,breakout,buy,914,executed,
2026-03-03T20:00:21.360313+00:00,BUY,0,,,,False,weekly_limit,68454.62,
2026-03-03T23:00:30.553857+00:00,bullish,pullback,buy,918,executed,
2026-03-03T23:00:30.571374+00:00,BUY,0,,,,False,weekly_limit,68315.58,
2026-03-04T00:00:33.043274+00:00,bullish,breakout,buy,855,executed,
2026-03-04T00:00:33.051215+00:00,BUY,0,,,,False,weekly_limit,68302.01,
2026-03-04T02:00:36.438043+00:00,bullish,pullback,buy,835,executed,
2026-03-04T02:00:36.463681+00:00,BUY,0,,,,False,weekly_limit,68419.89,
2026-03-04T03:00:38.098615+00:00,bullish,pullback,buy,874,executed,
2026-03-04T03:00:38.112629+00:00,BUY,0,,,,False,weekly_limit,68332.62,
2026-03-04T04:00:39.771347+00:00,bullish,pullback,buy,840,executed,
2026-03-04T04:00:39.789020+00:00,BUY,0,,,,False,weekly_limit,67750.27,
2026-03-04T07:00:52.967526+00:00,bullish,pullback,buy,735,executed,
2026-03-04T07:00:53.067008+00:00,BUY,0,,,,False,weekly_limit,68542.24,
2026-03-04T08:00:55.995308+00:00,bullish,pullback,buy,672,executed,
2026-03-04T08:00:56.004475+00:00,BUY,0,,,,False,weekly_limit,69666.89,
2026-03-04T09:00:04.785534+00:00,bullish,breakout,buy,708,executed,
2026-03-04T09:00:04.812553+00:00,BUY,0,,,,False,weekly_limit,71032.82,
2026-03-04T10:00:06.917830+00:00,bullish,breakout,buy,784,executed,
2026-03-04T10:00:06.959272+00:00,BUY,0,,,,False,weekly_limit,71597.45,
2026-03-04T11:00:08.964023+00:00,bullish,breakout,buy,829,executed,
2026-03-04T11:00:08.976831+00:00,BUY,0,,,,False,weekly_limit,71379.45,
2026-03-04T15:00:15.352465+00:00,bullish,breakout,buy,858,executed,
2026-03-04T15:00:15.380877+00:00,BUY,0,,,,False,weekly_limit,71873.78,
2026-03-04T17:00:18.853128+00:00,bullish,breakout,buy,981,executed,
2026-03-04T17:00:18.867773+00:00,BUY,0,,,,False,weekly_limit,73308.47,
2026-03-05T06:00:40.819143+00:00,bullish,breakout,buy,776,executed,
2026-03-05T06:00:40.838693+00:00,BUY,0,,,,False,weekly_limit,72402.42,
2026-03-05T08:00:45.783857+00:00,bullish,pullback,buy,662,executed,
2026-03-05T08:00:45.803848+00:00,BUY,0,,,,False,weekly_limit,72087.11,
2026-03-05T10:00:49.213410+00:00,bullish,pullback,buy,654,executed,
2026-03-05T10:00:49.224949+00:00,BUY,0,,,,False,weekly_limit,72611.25,
2026-03-05T11:00:50.938647+00:00,bullish,pullback,buy,657,executed,
2026-03-05T11:00:50.947354+00:00,BUY,0,,,,False,weekly_limit,73437.50,
2026-03-05T12:00:55.604968+00:00,bullish,breakout,buy,684,executed,
2026-03-05T12:00:55.618168+00:00,BUY,0,,,,False,weekly_limit,72890.60,
2026-03-05T15:00:04.177749+00:00,bullish,pullback,buy,677,executed,
2026-03-05T15:00:04.194800+00:00,BUY,0,,,,False,weekly_limit,72677.81,
2026-03-05T16:00:05.934782+00:00,bullish,pullback,buy,709,executed,
2026-03-05T16:00:05.950624+00:00,BUY,0,,,,False,weekly_limit,71654.65,
2026-03-08T04:00:25.457393+00:00,bearish,breakout,sell,356,blocked,h1_momentum
2026-03-08T06:02:43.987664+00:00,bearish,breakout,sell,357,executed,
2026-03-08T06:02:53.740605+00:00,SELL,0,,,,True,none,67155.09,
2026-03-08T10:00:28.535256+00:00,bearish,pullback,sell,385,blocked,h1_momentum
2026-03-08T14:00:19.897112+00:00,bearish,pullback,sell,405,blocked,h1_momentum
2026-03-08T15:00:38.258529+00:00,bearish,pullback,sell,432,executed,
2026-03-08T15:00:38.330185+00:00,SELL,0,,,,True,none,67340.28,
2026-03-08T16:00:43.317308+00:00,bearish,pullback,sell,460,executed,
2026-03-08T16:00:43.369730+00:00,SELL,0,,,,True,none,67196.95,
2026-03-08T17:00:45.914233+00:00,bearish,pullback,sell,464,blocked,h1_momentum
2026-03-08T18:00:48.479934+00:00,bearish,pullback,sell,467,executed,
2026-03-08T18:00:48.532969+00:00,SELL,0,,,,True,none,67052.46,
2026-03-08T19:00:50.883741+00:00,bearish,breakout,sell,457,executed,
2026-03-08T19:00:50.923639+00:00,SELL,0,,,,True,none,66832.25,
2026-03-08T23:04:38.681471+00:00,bearish,pullback,sell,492,blocked,h1_momentum
2026-03-09T00:03:11.063452+00:00,bearish,pullback,sell,511,executed,
2026-03-09T00:03:11.445658+00:00,SELL,0,,,,True,none,65962.26,
2026-03-09T01:00:31.538407+00:00,bearish,breakout,sell,584,executed,
2026-03-09T01:00:31.586128+00:00,SELL,0,,,,True,none,66345.57,
2026-03-10T05:23:05.008096+00:00,bullish,breakout,buy,747,executed,
2026-03-10T05:23:05.773618+00:00,BUY,0,,,,False,ema_trend,70174.76,
2026-03-10T10:00:33.874790+00:00,bullish,breakout,buy,701,executed,
2026-03-10T10:00:33.900838+00:00,BUY,0,,,,False,ema_trend,71062.84,
2026-03-10T11:00:38.033387+00:00,bullish,breakout,buy,716,executed,
2026-03-10T11:00:38.096490+00:00,BUY,0,,,,True,none,70760.91,
2026-03-10T17:00:34.295169+00:00,bullish,pullback,buy,829,blocked,h1_momentum
2026-03-10T22:00:42.720629+00:00,bullish,pullback,buy,824,blocked,h1_momentum
2026-03-10T23:00:44.311245+00:00,bullish,pullback,buy,819,blocked,h1_momentum
2026-03-11T03:00:03.592339+00:00,bullish,pullback,buy,782,blocked,h1_momentum
2026-03-11T04:00:06.004444+00:00,bullish,pullback,buy,777,blocked,h1_momentum
2026-03-11T07:00:18.102833+00:00,bullish,pullback,buy,625,executed,
2026-03-11T07:00:18.237033+00:00,BUY,0,,,,True,none,69965.75,
2026-03-11T16:00:08.470054+00:00,bullish,pullback,buy,609,executed,
2026-03-11T16:00:08.495861+00:00,BUY,0,,,,True,none,70276.10,
2026-03-11T18:00:24.009904+00:00,bullish,pullback,buy,701,blocked,h1_momentum
2026-03-12T00:00:53.333043+00:00,bullish,breakout,buy,662,executed,
2026-03-12T00:00:53.354504+00:00,BUY,0,,,,True,none,70194.57,
2026-03-12T01:00:55.877569+00:00,bullish,pullback,buy,691,blocked,h1_momentum
2026-03-12T13:00:50.589696+00:00,bullish,pullback,buy,478,executed,
2026-03-12T13:00:50.689525+00:00,BUY,0,,,,False,d1_trend_filter,70349.99,
2026-03-12T22:00:34.700358+00:00,bullish,pullback,buy,663,blocked,h1_momentum
2026-03-12T23:00:53.958045+00:00,bullish,pullback,buy,680,blocked,h1_momentum
2026-03-13T01:00:22.064751+00:00,bullish,pullback,buy,658,blocked,h1_momentum
2026-03-13T02:00:23.825038+00:00,bullish,pullback,buy,640,executed,
2026-03-13T02:00:23.848395+00:00,BUY,0,,,,False,d1_trend_filter,71634.12,
2026-03-13T03:00:25.598414+00:00,bullish,breakout,buy,707,executed,
2026-03-13T03:00:25.635734+00:00,BUY,0,,,,False,d1_trend_filter,71184.81,
2026-03-13T08:00:37.376976+00:00,bullish,breakout,buy,589,executed,
2026-03-13T08:00:37.416518+00:00,BUY,0,,,,False,d1_trend_filter,71636.31,
2026-03-13T10:00:52.074001+00:00,bullish,breakout,buy,569,executed,
2026-03-13T10:00:52.130589+00:00,BUY,0,,,,False,d1_trend_filter,72039.78,
2026-03-13T11:00:54.068698+00:00,bullish,breakout,buy,590,executed,
2026-03-13T11:00:54.110299+00:00,BUY,0,,,,False,d1_trend_filter,72563.77,
2026-03-13T13:00:57.728937+00:00,bullish,breakout,buy,582,executed,
2026-03-13T13:00:57.771465+00:00,BUY,0,,,,False,d1_trend_filter,72836.26,
2026-03-13T15:00:01.531766+00:00,bullish,breakout,buy,615,blocked,h1_momentum
2026-03-13T16:00:03.233852+00:00,bullish,breakout,buy,638,executed,
2026-03-13T16:00:03.277244+00:00,BUY,0,,,,False,d1_trend_filter,71847.15,
2026-03-13T19:00:08.999648+00:00,bullish,pullback,buy,699,blocked,h1_momentum
