timestamp,signal,reason,rf_signal,xgb_signal,lgb_signal,confidence,atr,ema_trend,price_momentum
2026-02-23T10:06:47.642401+00:00,SELL,weekly_limit,HOLD,SELL,SELL,79.0%,519.3,,-2.70
2026-02-23T10:06:47.988084+00:00,SELL,trade_cooldown,HOLD,SELL,SELL,79.0%,519.3,,-2.70
2026-02-23T10:07:47.847044+00:00,SELL,weekly_limit,HOLD,SELL,SELL,79.0%,519.3,,-2.70
2026-02-23T10:07:48.202803+00:00,SELL,trade_cooldown,HOLD,SELL,SELL,79.0%,519.3,,-2.70
2026-02-23T10:08:48.056911+00:00,SELL,weekly_limit,HOLD,SELL,SELL,79.0%,519.3,,-2.70
2026-02-23T10:08:48.414024+00:00,SELL,trade_cooldown,HOLD,SELL,SELL,79.0%,519.3,,-2.70
2026-02-23T10:09:48.408192+00:00,SELL,weekly_limit,HOLD,SELL,SELL,79.0%,519.3,,-2.70
2026-02-23T10:09:48.698717+00:00,SELL,trade_cooldown,HOLD,SELL,SELL,79.0%,519.3,,-2.70
2026-02-23T10:10:48.656940+00:00,BUY,weekly_limit,BUY,HOLD,BUY,61.5%,521.0,,0.62
2026-02-23T10:11:48.952340+00:00,BUY,weekly_limit,BUY,HOLD,BUY,61.5%,521.0,,0.62
2026-02-23T10:11:51.135417+00:00,BUY,daily_limit,BUY,HOLD,BUY,61.5%,521.0,,0.62
2026-02-23T10:12:51.353695+00:00,BUY,daily_limit,BUY,HOLD,BUY,61.5%,521.0,,0.62
2026-02-23T10:13:51.614957+00:00,BUY,daily_limit,BUY,HOLD,BUY,61.5%,521.0,,0.62
2026-02-23T10:14:51.851598+00:00,BUY,daily_limit,BUY,HOLD,BUY,61.5%,521.0,,0.62
2026-02-23T10:15:52.082810+00:00,BUY,daily_limit,BUY,HOLD,BUY,61.5%,521.0,,0.62
2026-02-23T10:16:52.284486+00:00,BUY,daily_limit,BUY,HOLD,BUY,61.5%,521.0,,0.62
2026-02-23T10:17:52.493970+00:00,BUY,daily_limit,BUY,HOLD,BUY,61.5%,521.0,,0.62
2026-02-23T10:18:52.690631+00:00,BUY,daily_limit,BUY,HOLD,BUY,61.5%,521.0,,0.62
2026-02-23T10:19:52.954514+00:00,BUY,daily_limit,BUY,HOLD,BUY,61.5%,521.0,,0.62
2026-02-23T10:20:53.168090+00:00,BUY,daily_limit,BUY,HOLD,BUY,61.5%,521.0,,0.62
2026-02-23T10:21:53.377473+00:00,BUY,daily_limit,BUY,HOLD,BUY,61.5%,521.0,,0.62
2026-02-23T10:22:53.587778+00:00,BUY,daily_limit,BUY,HOLD,BUY,61.5%,521.0,,0.62
2026-02-23T10:23:53.811458+00:00,BUY,daily_limit,BUY,HOLD,BUY,61.5%,521.0,,0.62
2026-02-23T10:24:54.018891+00:00,BUY,daily_limit,BUY,HOLD,BUY,61.5%,521.0,,0.62
2026-02-23T10:25:54.208507+00:00,BUY,daily_limit,BUY,HOLD,BUY,61.5%,521.0,,0.62
2026-02-23T10:26:54.421712+00:00,BUY,daily_limit,BUY,HOLD,BUY,61.5%,521.0,,0.62
2026-02-23T10:27:54.618656+00:00,BUY,daily_limit,BUY,HOLD,BUY,61.5%,521.0,,0.62
2026-02-23T10:28:54.851430+00:00,BUY,daily_limit,BUY,HOLD,BUY,61.5%,521.0,,0.62
2026-02-23T10:29:55.082660+00:00,BUY,daily_limit,BUY,HOLD,BUY,61.5%,521.0,,0.62
2026-02-23T10:30:55.303489+00:00,BUY,daily_limit,BUY,HOLD,BUY,61.5%,521.0,,0.62
2026-02-23T10:31:55.560295+00:00,BUY,daily_limit,BUY,HOLD,BUY,61.5%,521.0,,0.62
2026-02-23T10:32:55.773840+00:00,BUY,daily_limit,BUY,HOLD,BUY,61.5%,521.0,,0.62
2026-02-23T10:33:55.972747+00:00,BUY,daily_limit,BUY,HOLD,BUY,61.5%,521.0,,0.62
2026-02-23T10:34:56.190962+00:00,BUY,daily_limit,BUY,HOLD,BUY,61.5%,521.0,,0.62
2026-02-23T10:35:56.403162+00:00,BUY,daily_limit,BUY,HOLD,BUY,61.5%,521.0,,0.62
2026-02-23T10:36:56.609193+00:00,BUY,daily_limit,BUY,HOLD,BUY,61.5%,521.0,,0.62
2026-02-23T10:37:56.850530+00:00,BUY,daily_limit,BUY,HOLD,BUY,61.5%,521.0,,0.62
2026-02-23T10:38:57.052919+00:00,BUY,daily_limit,BUY,HOLD,BUY,61.5%,521.0,,0.62
2026-02-23T10:39:57.229767+00:00,BUY,daily_limit,BUY,HOLD,BUY,61.5%,521.0,,0.62
2026-02-23T10:40:57.395614+00:00,BUY,daily_limit,BUY,HOLD,BUY,61.5%,521.0,,0.62
2026-02-23T10:41:57.584589+00:00,BUY,daily_limit,BUY,HOLD,BUY,61.5%,521.0,,0.62
2026-02-23T10:42:57.776842+00:00,BUY,daily_limit,BUY,HOLD,BUY,61.5%,521.0,,0.62
2026-02-23T10:43:57.948466+00:00,BUY,daily_limit,BUY,HOLD,BUY,61.5%,521.0,,0.62
2026-02-23T10:44:58.126578+00:00,BUY,daily_limit,BUY,HOLD,BUY,61.5%,521.0,,0.62
2026-02-23T10:45:58.308207+00:00,BUY,daily_limit,BUY,HOLD,BUY,61.5%,521.0,,0.62
2026-02-23T10:46:58.485939+00:00,BUY,daily_limit,BUY,HOLD,BUY,61.5%,521.0,,0.62
2026-02-23T10:47:58.676410+00:00,BUY,daily_limit,BUY,HOLD,BUY,61.5%,521.0,,0.62
2026-02-23T10:48:58.887103+00:00,BUY,daily_limit,BUY,HOLD,BUY,61.5%,521.0,,0.62
2026-02-23T10:49:59.077637+00:00,BUY,daily_limit,BUY,HOLD,BUY,61.5%,521.0,,0.62
2026-02-23T10:50:59.298724+00:00,BUY,daily_limit,BUY,HOLD,BUY,61.5%,521.0,,0.62
2026-02-23T10:51:59.530922+00:00,BUY,daily_limit,BUY,HOLD,BUY,61.5%,521.0,,0.62
2026-02-23T10:52:59.733958+00:00,BUY,daily_limit,BUY,HOLD,BUY,61.5%,521.0,,0.62
2026-02-23T10:53:59.917520+00:00,BUY,daily_limit,BUY,HOLD,BUY,61.5%,521.0,,0.62
2026-02-23T10:55:00.167260+00:00,BUY,daily_limit,BUY,HOLD,BUY,61.5%,521.0,,0.62
2026-02-23T10:56:00.392633+00:00,BUY,daily_limit,BUY,HOLD,BUY,61.5%,521.0,,0.62
2026-02-23T10:57:00.603476+00:00,BUY,daily_limit,BUY,HOLD,BUY,61.5%,521.0,,0.62
2026-02-23T10:58:00.805122+00:00,BUY,daily_limit,BUY,HOLD,BUY,61.5%,521.0,,0.62
2026-02-23T10:59:01.008062+00:00,BUY,daily_limit,BUY,HOLD,BUY,61.5%,521.0,,0.62
2026-02-23T11:00:02.066157+00:00,BUY,daily_limit,BUY,HOLD,BUY,61.5%,521.0,,0.62
2026-02-23T11:01:02.274070+00:00,BUY,daily_limit,BUY,HOLD,BUY,61.5%,521.0,,0.62
2026-02-23T11:02:02.507860+00:00,BUY,daily_limit,BUY,HOLD,BUY,61.5%,521.0,,0.62
2026-02-23T11:03:02.696569+00:00,BUY,daily_limit,BUY,HOLD,BUY,61.5%,521.0,,0.62
2026-02-23T11:04:02.859789+00:00,BUY,daily_limit,BUY,HOLD,BUY,61.5%,521.0,,0.62
2026-02-23T11:05:03.039384+00:00,BUY,daily_limit,BUY,HOLD,BUY,61.5%,521.0,,0.62
2026-02-23T11:06:03.225698+00:00,BUY,daily_limit,BUY,HOLD,BUY,61.5%,521.0,,0.62
2026-02-23T11:07:03.516140+00:00,BUY,daily_limit,BUY,HOLD,BUY,61.5%,521.0,,0.62
2026-02-23T11:08:03.704195+00:00,BUY,daily_limit,BUY,HOLD,BUY,61.5%,521.0,,0.62
2026-02-23T11:09:03.897642+00:00,BUY,daily_limit,BUY,HOLD,BUY,61.5%,521.0,,0.62
2026-02-23T11:10:04.048220+00:00,HOLD,confidence_gate,HOLD,HOLD,HOLD,56.2%,514.1,,
2026-02-23T11:11:04.253551+00:00,HOLD,confidence_gate,HOLD,HOLD,HOLD,56.2%,514.1,,
2026-02-23T11:12:04.434610+00:00,HOLD,confidence_gate,HOLD,HOLD,HOLD,56.2%,514.1,,
2026-02-23T11:13:04.631328+00:00,HOLD,confidence_gate,HOLD,HOLD,HOLD,56.2%,514.1,,
2026-02-23T11:14:04.841034+00:00,HOLD,confidence_gate,HOLD,HOLD,HOLD,56.2%,514.1,,
2026-02-23T11:15:05.084944+00:00,HOLD,confidence_gate,HOLD,HOLD,HOLD,56.2%,514.1,,
2026-02-23T11:16:05.298702+00:00,HOLD,confidence_gate,HOLD,HOLD,HOLD,56.2%,514.1,,
2026-02-23T11:17:05.498338+00:00,HOLD,confidence_gate,HOLD,HOLD,HOLD,56.2%,514.1,,
2026-02-23T11:18:05.730940+00:00,HOLD,confidence_gate,HOLD,HOLD,HOLD,56.2%,514.1,,
2026-02-23T11:19:05.949817+00:00,HOLD,confidence_gate,HOLD,HOLD,HOLD,56.2%,514.1,,
2026-02-23T11:20:06.147677+00:00,HOLD,confidence_gate,HOLD,HOLD,HOLD,56.2%,514.1,,
2026-02-23T11:21:06.347597+00:00,HOLD,confidence_gate,HOLD,HOLD,HOLD,56.2%,514.1,,
2026-02-23T11:22:06.550395+00:00,HOLD,confidence_gate,HOLD,HOLD,HOLD,56.2%,514.1,,
2026-02-23T11:23:06.746391+00:00,HOLD,confidence_gate,HOLD,HOLD,HOLD,56.2%,514.1,,
2026-02-23T11:24:06.954609+00:00,HOLD,confidence_gate,HOLD,HOLD,HOLD,56.2%,514.1,,
2026-02-23T11:25:07.147408+00:00,HOLD,confidence_gate,HOLD,HOLD,HOLD,56.2%,514.1,,
2026-02-23T11:26:07.355294+00:00,HOLD,confidence_gate,HOLD,HOLD,HOLD,56.2%,514.1,,
2026-02-23T11:27:07.549362+00:00,HOLD,confidence_gate,HOLD,HOLD,HOLD,56.2%,514.1,,
2026-02-23T11:28:07.755400+00:00,HOLD,confidence_gate,HOLD,HOLD,HOLD,56.2%,514.1,,
2026-02-23T11:29:07.953121+00:00,HOLD,confidence_gate,HOLD,HOLD,HOLD,56.2%,514.1,,
2026-02-23T11:30:08.151699+00:00,HOLD,confidence_gate,HOLD,HOLD,HOLD,56.2%,514.1,,
2026-02-23T11:31:08.349700+00:00,HOLD,confidence_gate,HOLD,HOLD,HOLD,56.2%,514.1,,
2026-02-23T11:32:08.577943+00:00,HOLD,confidence_gate,HOLD,HOLD,HOLD,56.2%,514.1,,
2026-02-23T11:33:08.808234+00:00,HOLD,confidence_gate,HOLD,HOLD,HOLD,56.2%,514.1,,
2026-02-23T11:34:09.040026+00:00,HOLD,confidence_gate,HOLD,HOLD,HOLD,56.2%,514.1,,
2026-02-23T11:35:09.241344+00:00,HOLD,confidence_gate,HOLD,HOLD,HOLD,56.2%,514.1,,
2026-02-23T11:36:09.414224+00:00,HOLD,confidence_gate,HOLD,HOLD,HOLD,56.2%,514.1,,
2026-02-23T11:37:09.601438+00:00,HOLD,confidence_gate,HOLD,HOLD,HOLD,56.2%,514.1,,
2026-02-23T11:38:09.764197+00:00,HOLD,confidence_gate,HOLD,HOLD,HOLD,56.2%,514.1,,
2026-02-23T11:39:09.942101+00:00,HOLD,confidence_gate,HOLD,HOLD,HOLD,56.2%,514.1,,
2026-02-23T11:40:10.136593+00:00,HOLD,confidence_gate,HOLD,HOLD,HOLD,56.2%,514.1,,
2026-02-23T11:41:10.330717+00:00,HOLD,confidence_gate,HOLD,HOLD,HOLD,56.2%,514.1,,
2026-02-23T11:42:10.497804+00:00,HOLD,confidence_gate,HOLD,HOLD,HOLD,56.2%,514.1,,
2026-02-23T11:43:10.689365+00:00,HOLD,confidence_gate,HOLD,HOLD,HOLD,56.2%,514.1,,
2026-02-23T11:44:10.867891+00:00,HOLD,confidence_gate,HOLD,HOLD,HOLD,56.2%,514.1,,
2026-02-23T11:45:11.033025+00:00,HOLD,confidence_gate,HOLD,HOLD,HOLD,56.2%,514.1,,
2026-02-23T11:46:11.222225+00:00,HOLD,confidence_gate,HOLD,HOLD,HOLD,56.2%,514.1,,
2026-02-23T11:47:11.402538+00:00,HOLD,confidence_gate,HOLD,HOLD,HOLD,56.2%,514.1,,
2026-02-23T11:48:11.570741+00:00,HOLD,confidence_gate,HOLD,HOLD,HOLD,56.2%,514.1,,
2026-02-23T11:49:11.778720+00:00,HOLD,confidence_gate,HOLD,HOLD,HOLD,56.2%,514.1,,
2026-02-23T11:50:11.972193+00:00,HOLD,confidence_gate,HOLD,HOLD,HOLD,56.2%,514.1,,
2026-02-23T11:51:12.151738+00:00,HOLD,confidence_gate,HOLD,HOLD,HOLD,56.2%,514.1,,
2026-02-23T11:52:12.350505+00:00,HOLD,confidence_gate,HOLD,HOLD,HOLD,56.2%,514.1,,
2026-02-23T11:53:12.560133+00:00,HOLD,confidence_gate,HOLD,HOLD,HOLD,56.2%,514.1,,
2026-02-23T11:54:12.756456+00:00,HOLD,confidence_gate,HOLD,HOLD,HOLD,56.2%,514.1,,
2026-02-23T11:55:12.950733+00:00,HOLD,confidence_gate,HOLD,HOLD,HOLD,56.2%,514.1,,
2026-02-23T11:56:13.147691+00:00,HOLD,confidence_gate,HOLD,HOLD,HOLD,56.2%,514.1,,
2026-02-23T11:57:13.355033+00:00,HOLD,confidence_gate,HOLD,HOLD,HOLD,56.2%,514.1,,
2026-02-23T11:58:13.562902+00:00,HOLD,confidence_gate,HOLD,HOLD,HOLD,56.2%,514.1,,
2026-02-23T11:59:13.772444+00:00,HOLD,confidence_gate,HOLD,HOLD,HOLD,56.2%,514.1,,
2026-02-23T12:00:14.803839+00:00,HOLD,confidence_gate,HOLD,HOLD,HOLD,56.2%,514.1,,
2026-02-23T12:01:14.972512+00:00,HOLD,confidence_gate,HOLD,HOLD,HOLD,56.2%,514.1,,
2026-02-23T12:02:15.146175+00:00,HOLD,confidence_gate,HOLD,HOLD,HOLD,56.2%,514.1,,
2026-02-23T12:03:15.330028+00:00,HOLD,confidence_gate,HOLD,HOLD,HOLD,56.2%,514.1,,
2026-02-23T12:04:15.524761+00:00,HOLD,confidence_gate,HOLD,HOLD,HOLD,56.2%,514.1,,
2026-02-23T12:05:15.731705+00:00,HOLD,confidence_gate,HOLD,HOLD,HOLD,56.2%,514.1,,
2026-02-23T12:06:15.965734+00:00,HOLD,confidence_gate,HOLD,HOLD,HOLD,56.2%,514.1,,
2026-02-23T12:07:16.235939+00:00,HOLD,confidence_gate,HOLD,HOLD,HOLD,56.2%,514.1,,
2026-02-23T12:08:16.425141+00:00,HOLD,confidence_gate,HOLD,HOLD,HOLD,56.2%,514.1,,
2026-02-23T12:09:16.632743+00:00,HOLD,confidence_gate,HOLD,HOLD,HOLD,56.2%,514.1,,
2026-02-23T12:10:16.835058+00:00,HOLD,confidence_gate,HOLD,HOLD,HOLD,55.4%,555.1,,
2026-02-23T12:11:17.022991+00:00,HOLD,confidence_gate,HOLD,HOLD,HOLD,55.4%,555.1,,
2026-02-23T12:12:17.218559+00:00,HOLD,confidence_gate,HOLD,HOLD,HOLD,55.4%,555.1,,
2026-02-23T12:13:17.413808+00:00,HOLD,confidence_gate,HOLD,HOLD,HOLD,55.4%,555.1,,
2026-02-23T12:14:17.647309+00:00,HOLD,confidence_gate,HOLD,HOLD,HOLD,55.4%,555.1,,
2026-02-23T12:15:17.851373+00:00,HOLD,confidence_gate,HOLD,HOLD,HOLD,55.4%,555.1,,
2026-02-23T12:16:18.046982+00:00,HOLD,confidence_gate,HOLD,HOLD,HOLD,55.4%,555.1,,
2026-02-23T12:17:18.226448+00:00,HOLD,confidence_gate,HOLD,HOLD,HOLD,55.4%,555.1,,
2026-02-23T12:18:18.423003+00:00,HOLD,confidence_gate,HOLD,HOLD,HOLD,55.4%,555.1,,
2026-02-23T12:19:18.646760+00:00,HOLD,confidence_gate,HOLD,HOLD,HOLD,55.4%,555.1,,
2026-02-23T12:20:18.849925+00:00,HOLD,confidence_gate,HOLD,HOLD,HOLD,55.4%,555.1,,
2026-02-23T12:21:19.053897+00:00,HOLD,confidence_gate,HOLD,HOLD,HOLD,55.4%,555.1,,
2026-02-23T12:22:19.299701+00:00,HOLD,confidence_gate,HOLD,HOLD,HOLD,55.4%,555.1,,
2026-02-23T12:23:19.497392+00:00,HOLD,confidence_gate,HOLD,HOLD,HOLD,55.4%,555.1,,
2026-02-23T12:24:19.693601+00:00,HOLD,confidence_gate,HOLD,HOLD,HOLD,55.4%,555.1,,
2026-02-23T12:25:19.903755+00:00,HOLD,confidence_gate,HOLD,HOLD,HOLD,55.4%,555.1,,
2026-02-23T12:26:20.099478+00:00,HOLD,confidence_gate,HOLD,HOLD,HOLD,55.4%,555.1,,
2026-02-23T12:27:20.303986+00:00,HOLD,confidence_gate,HOLD,HOLD,HOLD,55.4%,555.1,,
2026-02-23T12:28:20.518047+00:00,HOLD,confidence_gate,HOLD,HOLD,HOLD,55.4%,555.1,,
2026-02-23T12:29:20.728534+00:00,HOLD,confidence_gate,HOLD,HOLD,HOLD,55.4%,555.1,,
2026-02-23T12:30:20.933197+00:00,HOLD,confidence_gate,HOLD,HOLD,HOLD,55.4%,555.1,,
2026-02-23T12:31:28.042945+00:00,HOLD,confidence_gate,HOLD,HOLD,HOLD,55.4%,555.1,,
2026-02-23T12:32:28.234345+00:00,HOLD,confidence_gate,HOLD,HOLD,HOLD,55.4%,555.1,,
2026-02-23T12:33:28.434876+00:00,HOLD,confidence_gate,HOLD,HOLD,HOLD,55.4%,555.1,,
2026-02-23T12:34:28.641961+00:00,HOLD,confidence_gate,HOLD,HOLD,HOLD,55.4%,555.1,,
2026-02-23T12:35:28.857523+00:00,HOLD,confidence_gate,HOLD,HOLD,HOLD,55.4%,555.1,,
2026-02-23T12:36:29.116186+00:00,HOLD,confidence_gate,HOLD,HOLD,HOLD,55.4%,555.1,,
2026-02-23T12:37:29.337768+00:00,HOLD,confidence_gate,HOLD,HOLD,HOLD,55.4%,555.1,,
2026-02-23T12:38:29.551438+00:00,HOLD,confidence_gate,HOLD,HOLD,HOLD,55.4%,555.1,,
2026-02-23T12:39:29.752229+00:00,HOLD,confidence_gate,HOLD,HOLD,HOLD,55.4%,555.1,,
2026-02-23T12:40:29.952310+00:00,HOLD,confidence_gate,HOLD,HOLD,HOLD,55.4%,555.1,,
2026-02-23T12:41:30.149768+00:00,HOLD,confidence_gate,HOLD,HOLD,HOLD,55.4%,555.1,,
2026-02-23T12:42:30.347591+00:00,HOLD,confidence_gate,HOLD,HOLD,HOLD,55.4%,555.1,,
2026-02-23T12:43:30.548791+00:00,HOLD,confidence_gate,HOLD,HOLD,HOLD,55.4%,555.1,,
2026-02-23T12:44:30.760323+00:00,HOLD,confidence_gate,HOLD,HOLD,HOLD,55.4%,555.1,,
2026-02-23T12:45:30.981931+00:00,HOLD,confidence_gate,HOLD,HOLD,HOLD,55.4%,555.1,,
2026-02-23T12:46:31.199245+00:00,HOLD,confidence_gate,HOLD,HOLD,HOLD,55.4%,555.1,,
2026-02-23T12:47:31.433261+00:00,HOLD,confidence_gate,HOLD,HOLD,HOLD,55.4%,555.1,,
2026-02-23T12:48:31.649278+00:00,HOLD,confidence_gate,HOLD,HOLD,HOLD,55.4%,555.1,,
2026-02-23T12:49:31.850351+00:00,HOLD,confidence_gate,HOLD,HOLD,HOLD,55.4%,555.1,,
2026-02-23T12:50:32.065214+00:00,HOLD,confidence_gate,HOLD,HOLD,HOLD,55.4%,555.1,,
2026-02-23T12:51:32.250230+00:00,HOLD,confidence_gate,HOLD,HOLD,HOLD,55.4%,555.1,,
2026-02-23T12:52:32.452040+00:00,HOLD,confidence_gate,HOLD,HOLD,HOLD,55.4%,555.1,,
2026-02-23T12:53:32.656602+00:00,HOLD,confidence_gate,HOLD,HOLD,HOLD,55.4%,555.1,,
2026-02-23T12:54:32.855455+00:00,HOLD,confidence_gate,HOLD,HOLD,HOLD,55.4%,555.1,,
2026-02-23T12:55:33.059552+00:00,HOLD,confidence_gate,HOLD,HOLD,HOLD,55.4%,555.1,,
2026-02-23T12:56:33.239639+00:00,HOLD,confidence_gate,HOLD,HOLD,HOLD,55.4%,555.1,,
2026-02-23T12:57:33.516684+00:00,HOLD,confidence_gate,HOLD,HOLD,HOLD,55.4%,555.1,,
2026-02-23T12:58:33.707132+00:00,HOLD,confidence_gate,HOLD,HOLD,HOLD,55.4%,555.1,,
2026-02-23T12:59:33.877744+00:00,HOLD,confidence_gate,HOLD,HOLD,HOLD,55.4%,555.1,,
2026-02-23T13:00:35.005790+00:00,HOLD,confidence_gate,HOLD,HOLD,HOLD,55.4%,555.1,,
2026-02-23T13:01:35.218856+00:00,HOLD,confidence_gate,HOLD,HOLD,HOLD,55.4%,555.1,,
2026-02-23T13:02:35.424351+00:00,HOLD,confidence_gate,HOLD,HOLD,HOLD,55.4%,555.1,,
2026-02-23T13:03:35.682150+00:00,HOLD,confidence_gate,HOLD,HOLD,HOLD,55.4%,555.1,,
2026-02-23T13:04:35.893097+00:00,HOLD,confidence_gate,HOLD,HOLD,HOLD,55.4%,555.1,,
2026-02-23T13:05:36.105412+00:00,HOLD,confidence_gate,HOLD,HOLD,HOLD,55.4%,555.1,,
2026-02-23T13:06:36.315124+00:00,HOLD,confidence_gate,HOLD,HOLD,HOLD,55.4%,555.1,,
2026-02-23T13:07:36.682179+00:00,HOLD,confidence_gate,HOLD,HOLD,HOLD,55.4%,555.1,,
2026-02-23T13:08:36.882698+00:00,HOLD,confidence_gate,HOLD,HOLD,HOLD,55.4%,555.1,,
2026-02-23T13:09:37.097888+00:00,HOLD,confidence_gate,HOLD,HOLD,HOLD,55.4%,555.1,,
2026-02-23T13:10:37.322281+00:00,HOLD,confidence_gate,HOLD,HOLD,HOLD,56.3%,547.9,,
2026-02-23T13:11:37.532528+00:00,HOLD,confidence_gate,HOLD,HOLD,HOLD,56.3%,547.9,,
2026-02-23T13:12:37.738536+00:00,HOLD,confidence_gate,HOLD,HOLD,HOLD,56.3%,547.9,,
2026-02-23T13:13:37.948101+00:00,HOLD,confidence_gate,HOLD,HOLD,HOLD,56.3%,547.9,,
2026-02-23T13:14:38.179712+00:00,HOLD,confidence_gate,HOLD,HOLD,HOLD,56.3%,547.9,,
2026-02-23T13:15:38.397870+00:00,HOLD,confidence_gate,HOLD,HOLD,HOLD,56.3%,547.9,,
2026-02-23T13:16:38.612561+00:00,HOLD,confidence_gate,HOLD,HOLD,HOLD,56.3%,547.9,,
2026-02-23T13:17:38.813741+00:00,HOLD,confidence_gate,HOLD,HOLD,HOLD,56.3%,547.9,,
2026-02-23T13:18:39.007170+00:00,HOLD,confidence_gate,HOLD,HOLD,HOLD,56.3%,547.9,,
2026-02-23T13:19:39.204465+00:00,HOLD,confidence_gate,HOLD,HOLD,HOLD,56.3%,547.9,,
2026-02-23T13:20:39.438901+00:00,HOLD,confidence_gate,HOLD,HOLD,HOLD,56.3%,547.9,,
2026-02-23T13:21:39.631761+00:00,HOLD,confidence_gate,HOLD,HOLD,HOLD,56.3%,547.9,,
2026-02-23T13:22:39.829138+00:00,HOLD,confidence_gate,HOLD,HOLD,HOLD,56.3%,547.9,,
2026-02-23T13:23:40.046725+00:00,HOLD,confidence_gate,HOLD,HOLD,HOLD,56.3%,547.9,,
2026-02-23T13:24:40.243847+00:00,HOLD,confidence_gate,HOLD,HOLD,HOLD,56.3%,547.9,,
2026-02-23T13:25:40.454040+00:00,HOLD,confidence_gate,HOLD,HOLD,HOLD,56.3%,547.9,,
2026-02-23T13:26:40.647850+00:00,HOLD,confidence_gate,HOLD,HOLD,HOLD,56.3%,547.9,,
2026-02-23T13:27:40.848102+00:00,HOLD,confidence_gate,HOLD,HOLD,HOLD,56.3%,547.9,,
2026-02-23T13:28:41.086284+00:00,HOLD,confidence_gate,HOLD,HOLD,HOLD,56.3%,547.9,,
2026-02-23T13:29:41.331135+00:00,HOLD,confidence_gate,HOLD,HOLD,HOLD,56.3%,547.9,,
2026-02-23T13:30:41.549604+00:00,HOLD,confidence_gate,HOLD,HOLD,HOLD,56.3%,547.9,,
2026-02-23T13:31:41.735990+00:00,HOLD,confidence_gate,HOLD,HOLD,HOLD,56.3%,547.9,,
2026-02-23T13:32:41.941664+00:00,HOLD,confidence_gate,HOLD,HOLD,HOLD,56.3%,547.9,,
2026-02-23T13:33:42.124484+00:00,HOLD,confidence_gate,HOLD,HOLD,HOLD,56.3%,547.9,,
2026-02-23T13:34:42.317993+00:00,HOLD,confidence_gate,HOLD,HOLD,HOLD,56.3%,547.9,,
2026-02-23T13:35:42.514838+00:00,HOLD,confidence_gate,HOLD,HOLD,HOLD,56.3%,547.9,,
2026-02-23T13:36:42.712362+00:00,HOLD,confidence_gate,HOLD,HOLD,HOLD,56.3%,547.9,,
2026-02-23T13:37:42.907255+00:00,HOLD,confidence_gate,HOLD,HOLD,HOLD,56.3%,547.9,,
2026-02-23T13:38:43.084128+00:00,HOLD,confidence_gate,HOLD,HOLD,HOLD,56.3%,547.9,,
2026-02-23T13:39:43.274037+00:00,HOLD,confidence_gate,HOLD,HOLD,HOLD,56.3%,547.9,,
2026-02-23T13:40:43.478084+00:00,HOLD,confidence_gate,HOLD,HOLD,HOLD,56.3%,547.9,,
2026-02-23T13:41:43.669754+00:00,HOLD,confidence_gate,HOLD,HOLD,HOLD,56.3%,547.9,,
2026-02-23T13:42:43.870239+00:00,HOLD,confidence_gate,HOLD,HOLD,HOLD,56.3%,547.9,,
2026-02-23T13:43:44.055637+00:00,HOLD,confidence_gate,HOLD,HOLD,HOLD,56.3%,547.9,,
2026-02-23T13:44:44.267165+00:00,HOLD,confidence_gate,HOLD,HOLD,HOLD,56.3%,547.9,,
2026-02-23T13:45:44.466726+00:00,HOLD,confidence_gate,HOLD,HOLD,HOLD,56.3%,547.9,,
2026-02-23T13:46:44.673870+00:00,HOLD,confidence_gate,HOLD,HOLD,HOLD,56.3%,547.9,,
2026-02-23T13:47:44.861756+00:00,HOLD,confidence_gate,HOLD,HOLD,HOLD,56.3%,547.9,,
2026-02-23T13:48:45.050300+00:00,HOLD,confidence_gate,HOLD,HOLD,HOLD,56.3%,547.9,,
2026-02-23T13:49:45.228796+00:00,HOLD,confidence_gate,HOLD,HOLD,HOLD,56.3%,547.9,,
2026-02-23T13:50:45.437794+00:00,HOLD,confidence_gate,HOLD,HOLD,HOLD,56.3%,547.9,,
2026-02-23T13:51:45.633058+00:00,HOLD,confidence_gate,HOLD,HOLD,HOLD,56.3%,547.9,,
2026-02-23T13:52:45.828663+00:00,HOLD,confidence_gate,HOLD,HOLD,HOLD,56.3%,547.9,,
2026-02-23T13:53:46.020531+00:00,HOLD,confidence_gate,HOLD,HOLD,HOLD,56.3%,547.9,,
2026-02-23T13:54:46.243746+00:00,HOLD,confidence_gate,HOLD,HOLD,HOLD,56.3%,547.9,,
2026-02-23T13:55:46.463331+00:00,HOLD,confidence_gate,HOLD,HOLD,HOLD,56.3%,547.9,,
2026-02-23T13:56:46.676192+00:00,HOLD,confidence_gate,HOLD,HOLD,HOLD,56.3%,547.9,,
2026-02-23T13:57:46.880731+00:00,HOLD,confidence_gate,HOLD,HOLD,HOLD,56.3%,547.9,,
2026-02-23T13:58:47.092300+00:00,HOLD,confidence_gate,HOLD,HOLD,HOLD,56.3%,547.9,,
2026-02-23T13:59:47.285454+00:00,HOLD,confidence_gate,HOLD,HOLD,HOLD,56.3%,547.9,,
2026-02-23T14:00:48.482018+00:00,HOLD,confidence_gate,HOLD,HOLD,HOLD,56.3%,547.9,,
2026-02-23T14:01:48.683151+00:00,HOLD,confidence_gate,HOLD,HOLD,HOLD,56.3%,547.9,,
2026-02-23T14:02:48.885090+00:00,HOLD,confidence_gate,HOLD,HOLD,HOLD,56.3%,547.9,,
2026-02-23T14:03:49.054962+00:00,HOLD,confidence_gate,HOLD,HOLD,HOLD,56.3%,547.9,,
2026-02-23T14:04:49.257281+00:00,HOLD,confidence_gate,HOLD,HOLD,HOLD,56.3%,547.9,,
2026-02-23T14:05:49.481200+00:00,HOLD,confidence_gate,HOLD,HOLD,HOLD,56.3%,547.9,,
2026-02-23T14:06:49.664086+00:00,HOLD,confidence_gate,HOLD,HOLD,HOLD,56.3%,547.9,,
2026-02-23T14:07:50.007724+00:00,HOLD,confidence_gate,HOLD,HOLD,HOLD,56.3%,547.9,,
2026-02-23T14:08:50.181406+00:00,HOLD,confidence_gate,HOLD,HOLD,HOLD,56.3%,547.9,,
2026-02-23T14:09:50.390766+00:00,HOLD,confidence_gate,HOLD,HOLD,HOLD,56.3%,547.9,,
2026-02-23T14:10:50.579684+00:00,HOLD,confidence_gate,HOLD,BUY,HOLD,62.1%,566.7,,
2026-02-23T14:11:50.770143+00:00,HOLD,confidence_gate,HOLD,BUY,HOLD,62.1%,566.7,,
2026-02-23T14:12:50.940026+00:00,HOLD,confidence_gate,HOLD,BUY,HOLD,62.1%,566.7,,
2026-02-23T14:13:51.130890+00:00,HOLD,confidence_gate,HOLD,BUY,HOLD,62.1%,566.7,,
2026-02-23T14:14:51.476372+00:00,HOLD,confidence_gate,HOLD,BUY,HOLD,62.1%,566.7,,
2026-02-23T14:15:51.725050+00:00,HOLD,confidence_gate,HOLD,BUY,HOLD,62.1%,566.7,,
2026-02-23T14:16:51.942701+00:00,HOLD,confidence_gate,HOLD,BUY,HOLD,62.1%,566.7,,
2026-02-23T14:17:52.154211+00:00,HOLD,confidence_gate,HOLD,BUY,HOLD,62.1%,566.7,,
2026-02-23T14:18:52.378880+00:00,HOLD,confidence_gate,HOLD,BUY,HOLD,62.1%,566.7,,
2026-02-23T14:19:52.595355+00:00,HOLD,confidence_gate,HOLD,BUY,HOLD,62.1%,566.7,,
2026-02-23T14:20:52.791842+00:00,HOLD,confidence_gate,HOLD,BUY,HOLD,62.1%,566.7,,
2026-02-23T14:21:52.989314+00:00,HOLD,confidence_gate,HOLD,BUY,HOLD,62.1%,566.7,,
2026-02-23T14:22:53.247995+00:00,HOLD,confidence_gate,HOLD,BUY,HOLD,62.1%,566.7,,
2026-02-23T14:23:53.457970+00:00,HOLD,confidence_gate,HOLD,BUY,HOLD,62.1%,566.7,,
2026-02-23T14:24:53.651977+00:00,HOLD,confidence_gate,HOLD,BUY,HOLD,62.1%,566.7,,
2026-02-23T14:25:53.849715+00:00,HOLD,confidence_gate,HOLD,BUY,HOLD,62.1%,566.7,,
2026-02-23T14:26:54.037390+00:00,HOLD,confidence_gate,HOLD,BUY,HOLD,62.1%,566.7,,
2026-02-23T14:27:54.275107+00:00,HOLD,confidence_gate,HOLD,BUY,HOLD,62.1%,566.7,,
2026-02-23T14:28:54.509395+00:00,HOLD,confidence_gate,HOLD,BUY,HOLD,62.1%,566.7,,
2026-02-23T14:29:54.698610+00:00,HOLD,confidence_gate,HOLD,BUY,HOLD,62.1%,566.7,,
2026-02-23T14:30:54.886594+00:00,HOLD,confidence_gate,HOLD,BUY,HOLD,62.1%,566.7,,
2026-02-23T14:31:55.041763+00:00,HOLD,confidence_gate,HOLD,BUY,HOLD,62.1%,566.7,,
2026-02-23T14:32:55.206775+00:00,HOLD,confidence_gate,HOLD,BUY,HOLD,62.1%,566.7,,
2026-02-23T14:33:55.410408+00:00,HOLD,confidence_gate,HOLD,BUY,HOLD,62.1%,566.7,,
2026-02-23T14:34:55.586352+00:00,HOLD,confidence_gate,HOLD,BUY,HOLD,62.1%,566.7,,
2026-02-23T14:35:55.790198+00:00,HOLD,confidence_gate,HOLD,BUY,HOLD,62.1%,566.7,,
2026-02-23T14:36:55.996703+00:00,HOLD,confidence_gate,HOLD,BUY,HOLD,62.1%,566.7,,
2026-02-23T14:37:56.200709+00:00,HOLD,confidence_gate,HOLD,BUY,HOLD,62.1%,566.7,,
2026-02-23T14:38:56.397569+00:00,HOLD,confidence_gate,HOLD,BUY,HOLD,62.1%,566.7,,
2026-02-23T14:39:56.565047+00:00,HOLD,confidence_gate,HOLD,BUY,HOLD,62.1%,566.7,,
2026-02-23T14:40:56.753028+00:00,HOLD,confidence_gate,HOLD,BUY,HOLD,62.1%,566.7,,
2026-02-23T14:41:56.946956+00:00,HOLD,confidence_gate,HOLD,BUY,HOLD,62.1%,566.7,,
2026-02-23T14:42:57.145183+00:00,HOLD,confidence_gate,HOLD,BUY,HOLD,62.1%,566.7,,
2026-02-23T14:43:57.337806+00:00,HOLD,confidence_gate,HOLD,BUY,HOLD,62.1%,566.7,,
2026-02-23T14:44:57.549048+00:00,HOLD,confidence_gate,HOLD,BUY,HOLD,62.1%,566.7,,
2026-02-23T14:45:57.744137+00:00,HOLD,confidence_gate,HOLD,BUY,HOLD,62.1%,566.7,,
2026-02-23T14:46:57.973468+00:00,HOLD,confidence_gate,HOLD,BUY,HOLD,62.1%,566.7,,
2026-02-23T14:47:58.211668+00:00,HOLD,confidence_gate,HOLD,BUY,HOLD,62.1%,566.7,,
2026-02-23T14:48:58.492984+00:00,HOLD,confidence_gate,HOLD,BUY,HOLD,62.1%,566.7,,
2026-02-23T14:49:58.727876+00:00,HOLD,confidence_gate,HOLD,BUY,HOLD,62.1%,566.7,,
2026-02-23T14:50:58.948428+00:00,HOLD,confidence_gate,HOLD,BUY,HOLD,62.1%,566.7,,
2026-02-23T14:51:59.137094+00:00,HOLD,confidence_gate,HOLD,BUY,HOLD,62.1%,566.7,,
2026-02-23T14:52:59.432457+00:00,HOLD,confidence_gate,HOLD,BUY,HOLD,62.1%,566.7,,
2026-02-23T14:53:59.672732+00:00,HOLD,confidence_gate,HOLD,BUY,HOLD,62.1%,566.7,,
2026-02-23T14:54:59.904663+00:00,HOLD,confidence_gate,HOLD,BUY,HOLD,62.1%,566.7,,
2026-02-23T14:56:00.151167+00:00,HOLD,confidence_gate,HOLD,BUY,HOLD,62.1%,566.7,,
2026-02-23T14:57:00.443591+00:00,HOLD,confidence_gate,HOLD,BUY,HOLD,62.1%,566.7,,
2026-02-23T14:58:00.668090+00:00,HOLD,confidence_gate,HOLD,BUY,HOLD,62.1%,566.7,,
2026-02-23T14:59:00.879902+00:00,HOLD,confidence_gate,HOLD,BUY,HOLD,62.1%,566.7,,
2026-02-23T15:00:02.138672+00:00,HOLD,confidence_gate,HOLD,BUY,HOLD,62.1%,566.7,,
2026-02-23T15:01:02.347026+00:00,HOLD,confidence_gate,HOLD,BUY,HOLD,62.1%,566.7,,
2026-02-23T15:02:02.535269+00:00,HOLD,confidence_gate,HOLD,BUY,HOLD,62.1%,566.7,,
2026-02-23T15:03:02.719971+00:00,HOLD,confidence_gate,HOLD,BUY,HOLD,62.1%,566.7,,
2026-02-23T15:04:02.966381+00:00,HOLD,confidence_gate,HOLD,BUY,HOLD,62.1%,566.7,,
2026-02-23T15:05:03.173022+00:00,HOLD,confidence_gate,HOLD,BUY,HOLD,62.1%,566.7,,
2026-02-23T15:06:03.366732+00:00,HOLD,confidence_gate,HOLD,BUY,HOLD,62.1%,566.7,,
2026-02-23T15:07:03.560038+00:00,HOLD,confidence_gate,HOLD,BUY,HOLD,62.1%,566.7,,
2026-02-23T15:08:03.891264+00:00,HOLD,confidence_gate,HOLD,BUY,HOLD,62.1%,566.7,,
2026-02-23T15:09:04.092746+00:00,HOLD,confidence_gate,HOLD,BUY,HOLD,62.1%,566.7,,
2026-02-23T15:10:04.299584+00:00,HOLD,confidence_gate,HOLD,HOLD,HOLD,55.7%,616.2,,
2026-02-23T15:11:04.514541+00:00,HOLD,confidence_gate,HOLD,HOLD,HOLD,55.7%,616.2,,
2026-02-23T15:12:04.724741+00:00,HOLD,confidence_gate,HOLD,HOLD,HOLD,55.7%,616.2,,
2026-02-23T15:13:04.929577+00:00,HOLD,confidence_gate,HOLD,HOLD,HOLD,55.7%,616.2,,
2026-02-23T15:14:05.120112+00:00,HOLD,confidence_gate,HOLD,HOLD,HOLD,55.7%,616.2,,
2026-02-23T15:15:05.316423+00:00,HOLD,confidence_gate,HOLD,HOLD,HOLD,55.7%,616.2,,
2026-02-23T15:16:05.522899+00:00,HOLD,confidence_gate,HOLD,HOLD,HOLD,55.7%,616.2,,
2026-02-23T15:17:05.723084+00:00,HOLD,confidence_gate,HOLD,HOLD,HOLD,55.7%,616.2,,
2026-02-23T15:18:05.914849+00:00,HOLD,confidence_gate,HOLD,HOLD,HOLD,55.7%,616.2,,
2026-02-23T15:19:06.127310+00:00,HOLD,confidence_gate,HOLD,HOLD,HOLD,55.7%,616.2,,
2026-02-23T15:20:06.363055+00:00,HOLD,confidence_gate,HOLD,HOLD,HOLD,55.7%,616.2,,
2026-02-23T15:21:06.556135+00:00,HOLD,confidence_gate,HOLD,HOLD,HOLD,55.7%,616.2,,
2026-02-23T15:22:06.743416+00:00,HOLD,confidence_gate,HOLD,HOLD,HOLD,55.7%,616.2,,
2026-02-23T15:23:06.927412+00:00,HOLD,confidence_gate,HOLD,HOLD,HOLD,55.7%,616.2,,
2026-02-23T15:24:07.116327+00:00,HOLD,confidence_gate,HOLD,HOLD,HOLD,55.7%,616.2,,
2026-02-23T15:25:07.279060+00:00,HOLD,confidence_gate,HOLD,HOLD,HOLD,55.7%,616.2,,
2026-02-23T15:26:07.467792+00:00,HOLD,confidence_gate,HOLD,HOLD,HOLD,55.7%,616.2,,
2026-02-23T15:27:07.644874+00:00,HOLD,confidence_gate,HOLD,HOLD,HOLD,55.7%,616.2,,
2026-02-23T15:28:07.838719+00:00,HOLD,confidence_gate,HOLD,HOLD,HOLD,55.7%,616.2,,
2026-02-23T15:29:08.015915+00:00,HOLD,confidence_gate,HOLD,HOLD,HOLD,55.7%,616.2,,
2026-02-23T15:30:08.192439+00:00,HOLD,confidence_gate,HOLD,HOLD,HOLD,55.7%,616.2,,
2026-02-23T15:31:08.383960+00:00,HOLD,confidence_gate,HOLD,HOLD,HOLD,55.7%,616.2,,
2026-02-23T15:32:08.581783+00:00,HOLD,confidence_gate,HOLD,HOLD,HOLD,55.7%,616.2,,
2026-02-23T15:33:08.797694+00:00,HOLD,confidence_gate,HOLD,HOLD,HOLD,55.7%,616.2,,
2026-02-23T15:34:09.025666+00:00,HOLD,confidence_gate,HOLD,HOLD,HOLD,55.7%,616.2,,
2026-02-23T15:35:09.231311+00:00,HOLD,confidence_gate,HOLD,HOLD,HOLD,55.7%,616.2,,
2026-02-23T15:36:09.431486+00:00,HOLD,confidence_gate,HOLD,HOLD,HOLD,55.7%,616.2,,
2026-02-23T15:37:09.636390+00:00,HOLD,confidence_gate,HOLD,HOLD,HOLD,55.7%,616.2,,
2026-02-23T15:38:09.840051+00:00,HOLD,confidence_gate,HOLD,HOLD,HOLD,55.7%,616.2,,
2026-02-23T15:39:10.046998+00:00,HOLD,confidence_gate,HOLD,HOLD,HOLD,55.7%,616.2,,
2026-02-23T15:40:10.258561+00:00,HOLD,confidence_gate,HOLD,HOLD,HOLD,55.7%,616.2,,
2026-02-23T15:41:10.474113+00:00,HOLD,confidence_gate,HOLD,HOLD,HOLD,55.7%,616.2,,
2026-02-23T15:42:10.691472+00:00,HOLD,confidence_gate,HOLD,HOLD,HOLD,55.7%,616.2,,
2026-02-23T15:43:10.880523+00:00,HOLD,confidence_gate,HOLD,HOLD,HOLD,55.7%,616.2,,
2026-02-23T15:44:11.078083+00:00,HOLD,confidence_gate,HOLD,HOLD,HOLD,55.7%,616.2,,
2026-02-23T15:45:11.280446+00:00,HOLD,confidence_gate,HOLD,HOLD,HOLD,55.7%,616.2,,
2026-02-23T15:46:11.482401+00:00,HOLD,confidence_gate,HOLD,HOLD,HOLD,55.7%,616.2,,
2026-02-23T15:47:11.675237+00:00,HOLD,confidence_gate,HOLD,HOLD,HOLD,55.7%,616.2,,
2026-02-23T15:48:11.890845+00:00,HOLD,confidence_gate,HOLD,HOLD,HOLD,55.7%,616.2,,
2026-02-23T15:49:12.105639+00:00,HOLD,confidence_gate,HOLD,HOLD,HOLD,55.7%,616.2,,
2026-02-23T15:50:12.437759+00:00,HOLD,confidence_gate,HOLD,HOLD,HOLD,55.7%,616.2,,
2026-02-23T15:51:12.659392+00:00,HOLD,confidence_gate,HOLD,HOLD,HOLD,55.7%,616.2,,
2026-02-23T15:52:12.873941+00:00,HOLD,confidence_gate,HOLD,HOLD,HOLD,55.7%,616.2,,
2026-02-23T15:53:13.078528+00:00,HOLD,confidence_gate,HOLD,HOLD,HOLD,55.7%,616.2,,
2026-02-23T15:54:13.269167+00:00,HOLD,confidence_gate,HOLD,HOLD,HOLD,55.7%,616.2,,
2026-02-23T15:55:13.472089+00:00,HOLD,confidence_gate,HOLD,HOLD,HOLD,55.7%,616.2,,
2026-02-23T15:56:13.672648+00:00,HOLD,confidence_gate,HOLD,HOLD,HOLD,55.7%,616.2,,
2026-02-23T15:57:13.852265+00:00,HOLD,confidence_gate,HOLD,HOLD,HOLD,55.7%,616.2,,
2026-02-23T15:58:14.046731+00:00,HOLD,confidence_gate,HOLD,HOLD,HOLD,55.7%,616.2,,
2026-02-23T15:59:14.223550+00:00,HOLD,confidence_gate,HOLD,HOLD,HOLD,55.7%,616.2,,
2026-02-23T16:00:15.336354+00:00,HOLD,confidence_gate,HOLD,HOLD,HOLD,55.7%,616.2,,
2026-02-23T16:01:15.531775+00:00,HOLD,confidence_gate,HOLD,HOLD,HOLD,55.7%,616.2,,
2026-02-23T16:02:15.739861+00:00,HOLD,confidence_gate,HOLD,HOLD,HOLD,55.7%,616.2,,
2026-02-23T16:03:15.957869+00:00,HOLD,confidence_gate,HOLD,HOLD,HOLD,55.7%,616.2,,
2026-02-23T16:04:16.171686+00:00,HOLD,confidence_gate,HOLD,HOLD,HOLD,55.7%,616.2,,
2026-02-23T16:05:16.412888+00:00,HOLD,confidence_gate,HOLD,HOLD,HOLD,55.7%,616.2,,
2026-02-23T16:06:16.643960+00:00,HOLD,confidence_gate,HOLD,HOLD,HOLD,55.7%,616.2,,
2026-02-23T16:07:16.852851+00:00,HOLD,confidence_gate,HOLD,HOLD,HOLD,55.7%,616.2,,
2026-02-23T16:08:17.138309+00:00,HOLD,confidence_gate,HOLD,HOLD,HOLD,55.7%,616.2,,
2026-02-23T16:09:17.366220+00:00,HOLD,confidence_gate,HOLD,HOLD,HOLD,55.7%,616.2,,
2026-02-23T16:10:17.568869+00:00,HOLD,confidence_gate,HOLD,HOLD,HOLD,55.6%,633.5,,
2026-02-23T16:11:17.753196+00:00,HOLD,confidence_gate,HOLD,HOLD,HOLD,55.6%,633.5,,
2026-02-23T16:12:17.937206+00:00,HOLD,confidence_gate,HOLD,HOLD,HOLD,55.6%,633.5,,
2026-02-23T16:13:18.135325+00:00,HOLD,confidence_gate,HOLD,HOLD,HOLD,55.6%,633.5,,
2026-02-23T16:14:18.338773+00:00,HOLD,confidence_gate,HOLD,HOLD,HOLD,55.6%,633.5,,
2026-02-23T16:15:18.539144+00:00,HOLD,confidence_gate,HOLD,HOLD,HOLD,55.6%,633.5,,
2026-02-23T16:16:18.757018+00:00,HOLD,confidence_gate,HOLD,HOLD,HOLD,55.6%,633.5,,
2026-02-23T16:17:18.951534+00:00,HOLD,confidence_gate,HOLD,HOLD,HOLD,55.6%,633.5,,
2026-02-23T16:18:19.157270+00:00,HOLD,confidence_gate,HOLD,HOLD,HOLD,55.6%,633.5,,
2026-02-23T16:19:19.386622+00:00,HOLD,confidence_gate,HOLD,HOLD,HOLD,55.6%,633.5,,
2026-02-23T16:20:19.604750+00:00,HOLD,confidence_gate,HOLD,HOLD,HOLD,55.6%,633.5,,
2026-02-23T16:21:19.814172+00:00,HOLD,confidence_gate,HOLD,HOLD,HOLD,55.6%,633.5,,
2026-02-23T16:22:20.016302+00:00,HOLD,confidence_gate,HOLD,HOLD,HOLD,55.6%,633.5,,
2026-02-23T16:23:20.205581+00:00,HOLD,confidence_gate,HOLD,HOLD,HOLD,55.6%,633.5,,
2026-02-23T16:24:20.407497+00:00,HOLD,confidence_gate,HOLD,HOLD,HOLD,55.6%,633.5,,
2026-02-23T16:25:20.626621+00:00,HOLD,confidence_gate,HOLD,HOLD,HOLD,55.6%,633.5,,
2026-02-23T16:26:20.834076+00:00,HOLD,confidence_gate,HOLD,HOLD,HOLD,55.6%,633.5,,
2026-02-23T16:27:21.027675+00:00,HOLD,confidence_gate,HOLD,HOLD,HOLD,55.6%,633.5,,
2026-02-23T16:28:21.232717+00:00,HOLD,confidence_gate,HOLD,HOLD,HOLD,55.6%,633.5,,
2026-02-23T16:29:21.440304+00:00,HOLD,confidence_gate,HOLD,HOLD,HOLD,55.6%,633.5,,
2026-02-23T16:30:21.650926+00:00,HOLD,confidence_gate,HOLD,HOLD,HOLD,55.6%,633.5,,
2026-02-23T16:31:21.851256+00:00,HOLD,confidence_gate,HOLD,HOLD,HOLD,55.6%,633.5,,
2026-02-23T16:32:22.062724+00:00,HOLD,confidence_gate,HOLD,HOLD,HOLD,55.6%,633.5,,
2026-02-23T16:33:22.267458+00:00,HOLD,confidence_gate,HOLD,HOLD,HOLD,55.6%,633.5,,
2026-02-23T16:34:22.507160+00:00,HOLD,confidence_gate,HOLD,HOLD,HOLD,55.6%,633.5,,
2026-02-23T16:35:22.716007+00:00,HOLD,confidence_gate,HOLD,HOLD,HOLD,55.6%,633.5,,
2026-02-23T16:36:22.893962+00:00,HOLD,confidence_gate,HOLD,HOLD,HOLD,55.6%,633.5,,
2026-02-23T16:37:23.079321+00:00,HOLD,confidence_gate,HOLD,HOLD,HOLD,55.6%,633.5,,
2026-02-23T16:38:23.245444+00:00,HOLD,confidence_gate,HOLD,HOLD,HOLD,55.6%,633.5,,
2026-02-23T16:39:23.446783+00:00,HOLD,confidence_gate,HOLD,HOLD,HOLD,55.6%,633.5,,
2026-02-23T16:40:23.642112+00:00,HOLD,confidence_gate,HOLD,HOLD,HOLD,55.6%,633.5,,
2026-02-23T16:41:23.844738+00:00,HOLD,confidence_gate,HOLD,HOLD,HOLD,55.6%,633.5,,
2026-02-23T16:42:24.022197+00:00,HOLD,confidence_gate,HOLD,HOLD,HOLD,55.6%,633.5,,
2026-02-23T16:43:24.214863+00:00,HOLD,confidence_gate,HOLD,HOLD,HOLD,55.6%,633.5,,
2026-02-23T16:44:24.429420+00:00,HOLD,confidence_gate,HOLD,HOLD,HOLD,55.6%,633.5,,
2026-02-23T16:45:24.630275+00:00,HOLD,confidence_gate,HOLD,HOLD,HOLD,55.6%,633.5,,
2026-02-23T16:46:24.812803+00:00,HOLD,confidence_gate,HOLD,HOLD,HOLD,55.6%,633.5,,
2026-02-23T16:47:25.017941+00:00,HOLD,confidence_gate,HOLD,HOLD,HOLD,55.6%,633.5,,
2026-02-23T16:48:25.236004+00:00,HOLD,confidence_gate,HOLD,HOLD,HOLD,55.6%,633.5,,
2026-02-23T16:49:25.448373+00:00,HOLD,confidence_gate,HOLD,HOLD,HOLD,55.6%,633.5,,
2026-02-23T16:50:25.691150+00:00,HOLD,confidence_gate,HOLD,HOLD,HOLD,55.6%,633.5,,
2026-02-23T16:51:25.902224+00:00,HOLD,confidence_gate,HOLD,HOLD,HOLD,55.6%,633.5,,
2026-02-23T16:52:26.096058+00:00,HOLD,confidence_gate,HOLD,HOLD,HOLD,55.6%,633.5,,
2026-02-23T16:53:26.347064+00:00,HOLD,confidence_gate,HOLD,HOLD,HOLD,55.6%,633.5,,
2026-02-23T16:54:26.563701+00:00,HOLD,confidence_gate,HOLD,HOLD,HOLD,55.6%,633.5,,
2026-02-23T16:55:26.761540+00:00,HOLD,confidence_gate,HOLD,HOLD,HOLD,55.6%,633.5,,
2026-02-23T16:56:27.012260+00:00,HOLD,confidence_gate,HOLD,HOLD,HOLD,55.6%,633.5,,
2026-02-23T16:57:27.243023+00:00,HOLD,confidence_gate,HOLD,HOLD,HOLD,55.6%,633.5,,
2026-02-23T16:58:27.452815+00:00,HOLD,confidence_gate,HOLD,HOLD,HOLD,55.6%,633.5,,
2026-02-23T16:59:27.668256+00:00,HOLD,confidence_gate,HOLD,HOLD,HOLD,55.6%,633.5,,
2026-02-23T17:00:28.738672+00:00,HOLD,confidence_gate,HOLD,HOLD,HOLD,55.6%,633.5,,
2026-02-23T17:01:28.938518+00:00,HOLD,confidence_gate,HOLD,HOLD,HOLD,55.6%,633.5,,
2026-02-23T17:02:29.127462+00:00,HOLD,confidence_gate,HOLD,HOLD,HOLD,55.6%,633.5,,
2026-02-23T17:03:29.317833+00:00,HOLD,confidence_gate,HOLD,HOLD,HOLD,55.6%,633.5,,
2026-02-23T17:04:29.501937+00:00,HOLD,confidence_gate,HOLD,HOLD,HOLD,55.6%,633.5,,
2026-02-23T17:05:29.713032+00:00,HOLD,confidence_gate,HOLD,HOLD,HOLD,55.6%,633.5,,
2026-02-23T17:06:29.915134+00:00,HOLD,confidence_gate,HOLD,HOLD,HOLD,55.6%,633.5,,
2026-02-23T17:07:30.133248+00:00,HOLD,confidence_gate,HOLD,HOLD,HOLD,55.6%,633.5,,
2026-02-23T17:08:30.457142+00:00,HOLD,confidence_gate,HOLD,HOLD,HOLD,55.6%,633.5,,
2026-02-23T17:09:30.649735+00:00,HOLD,confidence_gate,HOLD,HOLD,HOLD,55.6%,633.5,,
2026-02-23T17:10:30.838467+00:00,HOLD,confidence_gate,HOLD,HOLD,HOLD,54.3%,645.0,,
2026-02-23T17:11:31.040877+00:00,HOLD,confidence_gate,HOLD,HOLD,HOLD,54.3%,645.0,,
2026-02-23T17:12:31.243257+00:00,HOLD,confidence_gate,HOLD,HOLD,HOLD,54.3%,645.0,,
2026-02-23T17:13:31.456758+00:00,HOLD,confidence_gate,HOLD,HOLD,HOLD,54.3%,645.0,,
2026-02-23T17:14:31.681244+00:00,HOLD,confidence_gate,HOLD,HOLD,HOLD,54.3%,645.0,,
2026-02-23T17:15:31.893445+00:00,HOLD,confidence_gate,HOLD,HOLD,HOLD,54.3%,645.0,,
2026-02-23T17:16:32.107928+00:00,HOLD,confidence_gate,HOLD,HOLD,HOLD,54.3%,645.0,,
2026-02-23T17:17:32.309338+00:00,HOLD,confidence_gate,HOLD,HOLD,HOLD,54.3%,645.0,,
2026-02-23T17:18:32.544242+00:00,HOLD,confidence_gate,HOLD,HOLD,HOLD,54.3%,645.0,,
2026-02-23T17:19:32.760167+00:00,HOLD,confidence_gate,HOLD,HOLD,HOLD,54.3%,645.0,,
2026-02-23T17:20:32.960956+00:00,HOLD,confidence_gate,HOLD,HOLD,HOLD,54.3%,645.0,,
2026-02-23T17:21:33.157896+00:00,HOLD,confidence_gate,HOLD,HOLD,HOLD,54.3%,645.0,,
2026-02-23T17:22:33.359335+00:00,HOLD,confidence_gate,HOLD,HOLD,HOLD,54.3%,645.0,,
2026-02-23T17:23:33.561410+00:00,HOLD,confidence_gate,HOLD,HOLD,HOLD,54.3%,645.0,,
2026-02-23T17:24:33.742310+00:00,HOLD,confidence_gate,HOLD,HOLD,HOLD,54.3%,645.0,,
2026-02-23T17:25:33.909342+00:00,HOLD,confidence_gate,HOLD,HOLD,HOLD,54.3%,645.0,,
2026-02-23T17:26:34.102373+00:00,HOLD,confidence_gate,HOLD,HOLD,HOLD,54.3%,645.0,,
2026-02-23T17:27:34.304257+00:00,HOLD,confidence_gate,HOLD,HOLD,HOLD,54.3%,645.0,,
2026-02-23T17:28:34.499689+00:00,HOLD,confidence_gate,HOLD,HOLD,HOLD,54.3%,645.0,,
2026-02-23T17:29:34.697349+00:00,HOLD,confidence_gate,HOLD,HOLD,HOLD,54.3%,645.0,,
2026-02-23T17:30:34.886784+00:00,HOLD,confidence_gate,HOLD,HOLD,HOLD,54.3%,645.0,,
2026-02-23T17:31:35.067905+00:00,HOLD,confidence_gate,HOLD,HOLD,HOLD,54.3%,645.0,,
2026-02-23T17:32:35.253855+00:00,HOLD,confidence_gate,HOLD,HOLD,HOLD,54.3%,645.0,,
2026-02-23T17:33:35.447978+00:00,HOLD,confidence_gate,HOLD,HOLD,HOLD,54.3%,645.0,,
2026-02-23T17:34:35.663998+00:00,HOLD,confidence_gate,HOLD,HOLD,HOLD,54.3%,645.0,,
2026-02-23T17:35:35.856396+00:00,HOLD,confidence_gate,HOLD,HOLD,HOLD,54.3%,645.0,,
2026-02-23T17:36:36.036985+00:00,HOLD,confidence_gate,HOLD,HOLD,HOLD,54.3%,645.0,,
2026-02-23T17:37:36.228465+00:00,HOLD,confidence_gate,HOLD,HOLD,HOLD,54.3%,645.0,,
2026-02-23T17:38:36.425522+00:00,HOLD,confidence_gate,HOLD,HOLD,HOLD,54.3%,645.0,,
2026-02-23T17:39:36.633186+00:00,HOLD,confidence_gate,HOLD,HOLD,HOLD,54.3%,645.0,,
2026-02-23T17:40:36.832059+00:00,HOLD,confidence_gate,HOLD,HOLD,HOLD,54.3%,645.0,,
2026-02-23T17:41:37.021236+00:00,HOLD,confidence_gate,HOLD,HOLD,HOLD,54.3%,645.0,,
2026-02-23T17:42:37.228561+00:00,HOLD,confidence_gate,HOLD,HOLD,HOLD,54.3%,645.0,,
2026-02-23T17:43:37.432424+00:00,HOLD,confidence_gate,HOLD,HOLD,HOLD,54.3%,645.0,,
2026-02-23T17:44:37.636664+00:00,HOLD,confidence_gate,HOLD,HOLD,HOLD,54.3%,645.0,,
2026-02-23T17:45:37.855037+00:00,HOLD,confidence_gate,HOLD,HOLD,HOLD,54.3%,645.0,,
2026-02-23T17:46:38.079407+00:00,HOLD,confidence_gate,HOLD,HOLD,HOLD,54.3%,645.0,,
2026-02-23T17:47:38.284869+00:00,HOLD,confidence_gate,HOLD,HOLD,HOLD,54.3%,645.0,,
2026-02-23T17:48:38.508748+00:00,HOLD,confidence_gate,HOLD,HOLD,HOLD,54.3%,645.0,,
2026-02-23T17:49:38.710090+00:00,HOLD,confidence_gate,HOLD,HOLD,HOLD,54.3%,645.0,,
2026-02-23T17:50:38.906027+00:00,HOLD,confidence_gate,HOLD,HOLD,HOLD,54.3%,645.0,,
2026-02-23T17:51:39.109644+00:00,HOLD,confidence_gate,HOLD,HOLD,HOLD,54.3%,645.0,,
2026-02-23T17:52:39.321081+00:00,HOLD,confidence_gate,HOLD,HOLD,HOLD,54.3%,645.0,,
2026-02-23T17:53:39.522838+00:00,HOLD,confidence_gate,HOLD,HOLD,HOLD,54.3%,645.0,,
2026-02-23T17:54:39.701834+00:00,HOLD,confidence_gate,HOLD,HOLD,HOLD,54.3%,645.0,,
2026-02-23T17:55:39.896686+00:00,HOLD,confidence_gate,HOLD,HOLD,HOLD,54.3%,645.0,,
2026-02-23T17:56:40.068608+00:00,HOLD,confidence_gate,HOLD,HOLD,HOLD,54.3%,645.0,,
2026-02-23T17:57:40.260498+00:00,HOLD,confidence_gate,HOLD,HOLD,HOLD,54.3%,645.0,,
2026-02-23T17:58:40.476434+00:00,HOLD,confidence_gate,HOLD,HOLD,HOLD,54.3%,645.0,,
2026-02-23T17:59:40.670989+00:00,HOLD,confidence_gate,HOLD,HOLD,HOLD,54.3%,645.0,,
2026-02-23T18:00:42.009384+00:00,HOLD,confidence_gate,HOLD,HOLD,HOLD,54.3%,645.0,,
2026-02-23T18:01:42.199274+00:00,HOLD,confidence_gate,HOLD,HOLD,HOLD,54.3%,645.0,,
2026-02-23T18:02:42.426257+00:00,HOLD,confidence_gate,HOLD,HOLD,HOLD,54.3%,645.0,,
2026-02-23T18:03:42.622614+00:00,HOLD,confidence_gate,HOLD,HOLD,HOLD,54.3%,645.0,,
2026-02-23T18:04:42.830825+00:00,HOLD,confidence_gate,HOLD,HOLD,HOLD,54.3%,645.0,,
2026-02-23T18:05:43.030860+00:00,HOLD,confidence_gate,HOLD,HOLD,HOLD,54.3%,645.0,,
2026-02-23T18:06:43.242766+00:00,HOLD,confidence_gate,HOLD,HOLD,HOLD,54.3%,645.0,,
2026-02-23T18:07:43.448784+00:00,HOLD,confidence_gate,HOLD,HOLD,HOLD,54.3%,645.0,,
2026-02-23T18:08:43.755113+00:00,HOLD,confidence_gate,HOLD,HOLD,HOLD,54.3%,645.0,,
2026-02-23T18:09:43.981824+00:00,HOLD,confidence_gate,HOLD,HOLD,HOLD,54.3%,645.0,,
2026-02-23T18:10:44.176179+00:00,HOLD,confidence_gate,HOLD,HOLD,HOLD,54.9%,669.5,,
2026-02-23T18:11:44.391053+00:00,HOLD,confidence_gate,HOLD,HOLD,HOLD,54.9%,669.5,,
2026-02-23T18:12:44.593863+00:00,HOLD,confidence_gate,HOLD,HOLD,HOLD,54.9%,669.5,,
2026-02-23T18:13:44.778249+00:00,HOLD,confidence_gate,HOLD,HOLD,HOLD,54.9%,669.5,,
2026-02-23T18:14:44.985953+00:00,HOLD,confidence_gate,HOLD,HOLD,HOLD,54.9%,669.5,,
2026-02-23T18:15:45.170461+00:00,HOLD,confidence_gate,HOLD,HOLD,HOLD,54.9%,669.5,,
2026-02-23T18:16:45.385424+00:00,HOLD,confidence_gate,HOLD,HOLD,HOLD,54.9%,669.5,,
2026-02-23T18:17:45.575585+00:00,HOLD,confidence_gate,HOLD,HOLD,HOLD,54.9%,669.5,,
2026-02-23T18:18:45.752975+00:00,HOLD,confidence_gate,HOLD,HOLD,HOLD,54.9%,669.5,,
2026-02-23T18:19:45.911711+00:00,HOLD,confidence_gate,HOLD,HOLD,HOLD,54.9%,669.5,,
2026-02-23T18:20:46.111671+00:00,HOLD,confidence_gate,HOLD,HOLD,HOLD,54.9%,669.5,,
2026-02-23T18:21:46.329022+00:00,HOLD,confidence_gate,HOLD,HOLD,HOLD,54.9%,669.5,,
2026-02-23T18:22:46.530037+00:00,HOLD,confidence_gate,HOLD,HOLD,HOLD,54.9%,669.5,,
2026-02-23T18:23:46.723869+00:00,HOLD,confidence_gate,HOLD,HOLD,HOLD,54.9%,669.5,,
2026-02-23T18:24:46.919476+00:00,HOLD,confidence_gate,HOLD,HOLD,HOLD,54.9%,669.5,,
2026-02-23T18:25:47.121645+00:00,HOLD,confidence_gate,HOLD,HOLD,HOLD,54.9%,669.5,,
2026-02-23T18:26:47.327387+00:00,HOLD,confidence_gate,HOLD,HOLD,HOLD,54.9%,669.5,,
2026-02-23T18:27:47.516604+00:00,HOLD,confidence_gate,HOLD,HOLD,HOLD,54.9%,669.5,,
2026-02-23T18:28:47.727353+00:00,HOLD,confidence_gate,HOLD,HOLD,HOLD,54.9%,669.5,,
2026-02-23T18:29:47.934016+00:00,HOLD,confidence_gate,HOLD,HOLD,HOLD,54.9%,669.5,,
2026-02-23T18:30:48.134065+00:00,HOLD,confidence_gate,HOLD,HOLD,HOLD,54.9%,669.5,,
2026-02-23T18:31:48.342430+00:00,HOLD,confidence_gate,HOLD,HOLD,HOLD,54.9%,669.5,,
2026-02-23T18:32:48.560984+00:00,HOLD,confidence_gate,HOLD,HOLD,HOLD,54.9%,669.5,,
2026-02-23T18:33:48.781771+00:00,HOLD,confidence_gate,HOLD,HOLD,HOLD,54.9%,669.5,,
2026-02-23T18:34:48.976137+00:00,HOLD,confidence_gate,HOLD,HOLD,HOLD,54.9%,669.5,,
2026-02-23T18:35:49.153696+00:00,HOLD,confidence_gate,HOLD,HOLD,HOLD,54.9%,669.5,,
2026-02-23T18:36:49.349808+00:00,HOLD,confidence_gate,HOLD,HOLD,HOLD,54.9%,669.5,,
2026-02-23T18:37:49.547714+00:00,HOLD,confidence_gate,HOLD,HOLD,HOLD,54.9%,669.5,,
2026-02-23T18:38:49.741508+00:00,HOLD,confidence_gate,HOLD,HOLD,HOLD,54.9%,669.5,,
2026-02-23T18:39:49.941350+00:00,HOLD,confidence_gate,HOLD,HOLD,HOLD,54.9%,669.5,,
2026-02-23T18:40:50.118416+00:00,HOLD,confidence_gate,HOLD,HOLD,HOLD,54.9%,669.5,,
2026-02-23T18:41:50.315121+00:00,HOLD,confidence_gate,HOLD,HOLD,HOLD,54.9%,669.5,,
2026-02-23T18:42:50.478734+00:00,HOLD,confidence_gate,HOLD,HOLD,HOLD,54.9%,669.5,,
2026-02-23T18:43:50.683262+00:00,HOLD,confidence_gate,HOLD,HOLD,HOLD,54.9%,669.5,,
2026-02-23T18:44:50.895290+00:00,HOLD,confidence_gate,HOLD,HOLD,HOLD,54.9%,669.5,,
2026-02-23T18:45:51.102322+00:00,HOLD,confidence_gate,HOLD,HOLD,HOLD,54.9%,669.5,,
2026-02-23T18:46:51.256098+00:00,HOLD,confidence_gate,HOLD,HOLD,HOLD,54.9%,669.5,,
2026-02-23T18:47:51.464356+00:00,HOLD,confidence_gate,HOLD,HOLD,HOLD,54.9%,669.5,,
2026-02-23T18:48:51.678925+00:00,HOLD,confidence_gate,HOLD,HOLD,HOLD,54.9%,669.5,,
2026-02-23T18:49:51.882045+00:00,HOLD,confidence_gate,HOLD,HOLD,HOLD,54.9%,669.5,,
2026-02-23T18:50:52.087063+00:00,HOLD,confidence_gate,HOLD,HOLD,HOLD,54.9%,669.5,,
2026-02-23T18:51:52.295582+00:00,HOLD,confidence_gate,HOLD,HOLD,HOLD,54.9%,669.5,,
2026-02-23T18:52:52.502826+00:00,HOLD,confidence_gate,HOLD,HOLD,HOLD,54.9%,669.5,,
2026-02-23T18:53:52.706684+00:00,HOLD,confidence_gate,HOLD,HOLD,HOLD,54.9%,669.5,,
2026-02-23T18:54:52.914572+00:00,HOLD,confidence_gate,HOLD,HOLD,HOLD,54.9%,669.5,,
2026-02-23T18:55:53.111026+00:00,HOLD,confidence_gate,HOLD,HOLD,HOLD,54.9%,669.5,,
2026-02-23T18:56:53.331999+00:00,HOLD,confidence_gate,HOLD,HOLD,HOLD,54.9%,669.5,,
2026-02-23T18:57:53.539713+00:00,HOLD,confidence_gate,HOLD,HOLD,HOLD,54.9%,669.5,,
2026-02-23T18:58:53.748641+00:00,HOLD,confidence_gate,HOLD,HOLD,HOLD,54.9%,669.5,,
2026-02-23T18:59:53.977646+00:00,HOLD,confidence_gate,HOLD,HOLD,HOLD,54.9%,669.5,,
2026-02-23T19:00:55.011039+00:00,HOLD,confidence_gate,HOLD,HOLD,HOLD,54.9%,669.5,,
2026-02-23T19:01:55.199759+00:00,HOLD,confidence_gate,HOLD,HOLD,HOLD,54.9%,669.5,,
2026-02-23T19:02:55.424632+00:00,HOLD,confidence_gate,HOLD,HOLD,HOLD,54.9%,669.5,,
2026-02-23T19:03:55.632525+00:00,HOLD,confidence_gate,HOLD,HOLD,HOLD,54.9%,669.5,,
2026-02-23T19:04:55.832943+00:00,HOLD,confidence_gate,HOLD,HOLD,HOLD,54.9%,669.5,,
2026-02-23T19:05:56.014158+00:00,HOLD,confidence_gate,HOLD,HOLD,HOLD,54.9%,669.5,,
2026-02-23T19:06:56.219936+00:00,HOLD,confidence_gate,HOLD,HOLD,HOLD,54.9%,669.5,,
2026-02-23T19:07:56.413321+00:00,HOLD,confidence_gate,HOLD,HOLD,HOLD,54.9%,669.5,,
2026-02-23T19:08:56.716333+00:00,HOLD,confidence_gate,HOLD,HOLD,HOLD,54.9%,669.5,,
2026-02-23T19:09:56.936818+00:00,HOLD,confidence_gate,HOLD,HOLD,HOLD,54.9%,669.5,,
2026-02-23T19:10:57.164506+00:00,HOLD,confidence_gate,HOLD,HOLD,HOLD,53.0%,673.5,,
2026-02-23T19:11:57.366017+00:00,HOLD,confidence_gate,HOLD,HOLD,HOLD,53.0%,673.5,,
2026-02-23T19:12:57.559953+00:00,HOLD,confidence_gate,HOLD,HOLD,HOLD,53.0%,673.5,,
2026-02-23T19:13:57.764150+00:00,HOLD,confidence_gate,HOLD,HOLD,HOLD,53.0%,673.5,,
2026-02-23T19:14:57.959469+00:00,HOLD,confidence_gate,HOLD,HOLD,HOLD,53.0%,673.5,,
2026-02-23T19:15:58.186328+00:00,HOLD,confidence_gate,HOLD,HOLD,HOLD,53.0%,673.5,,
2026-02-23T19:16:58.398847+00:00,HOLD,confidence_gate,HOLD,HOLD,HOLD,53.0%,673.5,,
2026-02-23T19:17:58.615238+00:00,HOLD,confidence_gate,HOLD,HOLD,HOLD,53.0%,673.5,,
2026-02-23T19:18:58.822871+00:00,HOLD,confidence_gate,HOLD,HOLD,HOLD,53.0%,673.5,,
2026-02-23T19:19:59.030694+00:00,HOLD,confidence_gate,HOLD,HOLD,HOLD,53.0%,673.5,,
2026-02-23T19:20:59.253579+00:00,HOLD,confidence_gate,HOLD,HOLD,HOLD,53.0%,673.5,,
2026-02-23T19:21:59.505176+00:00,HOLD,confidence_gate,HOLD,HOLD,HOLD,53.0%,673.5,,
2026-02-23T19:22:59.707305+00:00,HOLD,confidence_gate,HOLD,HOLD,HOLD,53.0%,673.5,,
2026-02-23T19:23:59.911645+00:00,HOLD,confidence_gate,HOLD,HOLD,HOLD,53.0%,673.5,,
2026-02-23T19:25:00.132636+00:00,HOLD,confidence_gate,HOLD,HOLD,HOLD,53.0%,673.5,,
2026-02-23T19:26:00.365269+00:00,HOLD,confidence_gate,HOLD,HOLD,HOLD,53.0%,673.5,,
2026-02-23T19:27:00.534200+00:00,HOLD,confidence_gate,HOLD,HOLD,HOLD,53.0%,673.5,,
2026-02-23T19:28:00.726462+00:00,HOLD,confidence_gate,HOLD,HOLD,HOLD,53.0%,673.5,,
2026-02-23T19:29:00.918585+00:00,HOLD,confidence_gate,HOLD,HOLD,HOLD,53.0%,673.5,,
2026-02-23T19:30:01.101709+00:00,HOLD,confidence_gate,HOLD,HOLD,HOLD,53.0%,673.5,,
2026-02-23T19:31:01.295864+00:00,HOLD,confidence_gate,HOLD,HOLD,HOLD,53.0%,673.5,,
2026-02-23T19:32:01.492057+00:00,HOLD,confidence_gate,HOLD,HOLD,HOLD,53.0%,673.5,,
2026-02-23T19:33:01.688333+00:00,HOLD,confidence_gate,HOLD,HOLD,HOLD,53.0%,673.5,,
2026-02-23T19:34:01.888468+00:00,HOLD,confidence_gate,HOLD,HOLD,HOLD,53.0%,673.5,,
2026-02-23T19:35:02.081381+00:00,HOLD,confidence_gate,HOLD,HOLD,HOLD,53.0%,673.5,,
2026-02-23T19:36:02.288794+00:00,HOLD,confidence_gate,HOLD,HOLD,HOLD,53.0%,673.5,,
2026-02-23T19:37:02.488855+00:00,HOLD,confidence_gate,HOLD,HOLD,HOLD,53.0%,673.5,,
2026-02-23T19:38:02.710924+00:00,HOLD,confidence_gate,HOLD,HOLD,HOLD,53.0%,673.5,,
2026-02-23T19:39:02.927988+00:00,HOLD,confidence_gate,HOLD,HOLD,HOLD,53.0%,673.5,,
2026-02-23T19:40:03.131737+00:00,HOLD,confidence_gate,HOLD,HOLD,HOLD,53.0%,673.5,,
2026-02-23T19:41:03.356622+00:00,HOLD,confidence_gate,HOLD,HOLD,HOLD,53.0%,673.5,,
2026-02-23T19:42:03.578306+00:00,HOLD,confidence_gate,HOLD,HOLD,HOLD,53.0%,673.5,,
2026-02-23T19:43:03.785058+00:00,HOLD,confidence_gate,HOLD,HOLD,HOLD,53.0%,673.5,,
2026-02-23T19:44:04.006526+00:00,HOLD,confidence_gate,HOLD,HOLD,HOLD,53.0%,673.5,,
2026-02-23T19:45:04.233840+00:00,HOLD,confidence_gate,HOLD,HOLD,HOLD,53.0%,673.5,,
2026-02-23T19:46:04.460956+00:00,HOLD,confidence_gate,HOLD,HOLD,HOLD,53.0%,673.5,,
2026-02-23T19:47:04.657887+00:00,HOLD,confidence_gate,HOLD,HOLD,HOLD,53.0%,673.5,,
2026-02-23T19:48:04.879840+00:00,HOLD,confidence_gate,HOLD,HOLD,HOLD,53.0%,673.5,,
2026-02-23T19:49:05.102250+00:00,HOLD,confidence_gate,HOLD,HOLD,HOLD,53.0%,673.5,,
2026-02-23T19:50:05.315072+00:00,HOLD,confidence_gate,HOLD,HOLD,HOLD,53.0%,673.5,,
2026-02-23T19:51:05.558146+00:00,HOLD,confidence_gate,HOLD,HOLD,HOLD,53.0%,673.5,,
2026-02-23T19:52:05.788970+00:00,HOLD,confidence_gate,HOLD,HOLD,HOLD,53.0%,673.5,,
2026-02-23T19:53:05.985288+00:00,HOLD,confidence_gate,HOLD,HOLD,HOLD,53.0%,673.5,,
2026-02-23T19:54:06.183139+00:00,HOLD,confidence_gate,HOLD,HOLD,HOLD,53.0%,673.5,,
2026-02-23T19:55:06.992899+00:00,HOLD,confidence_gate,HOLD,HOLD,HOLD,53.0%,673.5,,
2026-02-23T19:56:09.037135+00:00,HOLD,confidence_gate,HOLD,HOLD,HOLD,53.0%,673.5,,
2026-02-23T19:57:15.536957+00:00,HOLD,confidence_gate,HOLD,HOLD,HOLD,53.0%,673.5,,
2026-02-23T19:58:17.001903+00:00,HOLD,confidence_gate,HOLD,HOLD,HOLD,53.0%,673.5,,
2026-02-23T19:59:18.702699+00:00,HOLD,confidence_gate,HOLD,HOLD,HOLD,53.0%,673.5,,
2026-02-23T20:00:22.018566+00:00,HOLD,confidence_gate,HOLD,HOLD,HOLD,53.0%,673.5,,
2026-02-23T20:01:23.942139+00:00,HOLD,confidence_gate,HOLD,HOLD,HOLD,53.0%,673.5,,
2026-02-23T20:02:25.323865+00:00,HOLD,confidence_gate,HOLD,HOLD,HOLD,53.0%,673.5,,
2026-02-23T20:03:26.540368+00:00,HOLD,confidence_gate,HOLD,HOLD,HOLD,53.0%,673.5,,
2026-02-23T20:04:27.997991+00:00,HOLD,confidence_gate,HOLD,HOLD,HOLD,53.0%,673.5,,
2026-02-23T20:05:29.304127+00:00,HOLD,confidence_gate,HOLD,HOLD,HOLD,53.0%,673.5,,
2026-02-23T20:06:30.486335+00:00,HOLD,confidence_gate,HOLD,HOLD,HOLD,53.0%,673.5,,
2026-02-23T20:07:33.568551+00:00,HOLD,confidence_gate,HOLD,HOLD,HOLD,53.0%,673.5,,
2026-02-23T20:08:35.122695+00:00,HOLD,confidence_gate,HOLD,HOLD,HOLD,53.0%,673.5,,
2026-02-23T20:09:36.475327+00:00,HOLD,confidence_gate,HOLD,HOLD,HOLD,53.0%,673.5,,
2026-02-23T20:10:37.781947+00:00,BUY,daily_limit,HOLD,BUY,BUY,61.1%,657.8,,-0.46
2026-02-23T20:11:39.120125+00:00,BUY,daily_limit,HOLD,BUY,BUY,61.1%,657.8,,-0.46
2026-02-23T20:12:40.233657+00:00,BUY,daily_limit,HOLD,BUY,BUY,61.1%,657.8,,-0.46
2026-02-23T20:13:41.495482+00:00,BUY,daily_limit,HOLD,BUY,BUY,61.1%,657.8,,-0.46
2026-02-23T20:14:42.542099+00:00,BUY,daily_limit,HOLD,BUY,BUY,61.1%,657.8,,-0.46
2026-02-23T20:15:43.749286+00:00,BUY,daily_limit,HOLD,BUY,BUY,61.1%,657.8,,-0.46
2026-02-23T20:16:45.523233+00:00,BUY,daily_limit,HOLD,BUY,BUY,61.1%,657.8,,-0.46
2026-02-23T20:17:47.068341+00:00,BUY,daily_limit,HOLD,BUY,BUY,61.1%,657.8,,-0.46
2026-02-23T20:18:48.168357+00:00,BUY,daily_limit,HOLD,BUY,BUY,61.1%,657.8,,-0.46
2026-02-23T20:19:49.283442+00:00,BUY,daily_limit,HOLD,BUY,BUY,61.1%,657.8,,-0.46
2026-02-23T20:20:50.247984+00:00,BUY,daily_limit,HOLD,BUY,BUY,61.1%,657.8,,-0.46
2026-02-23T20:21:51.506615+00:00,BUY,daily_limit,HOLD,BUY,BUY,61.1%,657.8,,-0.46
2026-02-23T20:22:53.039922+00:00,BUY,daily_limit,HOLD,BUY,BUY,61.1%,657.8,,-0.46
2026-02-23T20:23:54.186083+00:00,BUY,daily_limit,HOLD,BUY,BUY,61.1%,657.8,,-0.46
2026-02-23T20:24:55.316503+00:00,BUY,daily_limit,HOLD,BUY,BUY,61.1%,657.8,,-0.46
2026-02-23T20:25:56.483406+00:00,BUY,daily_limit,HOLD,BUY,BUY,61.1%,657.8,,-0.46
2026-02-23T20:26:57.784182+00:00,BUY,daily_limit,HOLD,BUY,BUY,61.1%,657.8,,-0.46
2026-02-23T20:27:58.967939+00:00,BUY,daily_limit,HOLD,BUY,BUY,61.1%,657.8,,-0.46
2026-02-23T20:29:02.199273+00:00,BUY,daily_limit,HOLD,BUY,BUY,61.1%,657.8,,-0.46
2026-02-23T20:30:03.695789+00:00,BUY,daily_limit,HOLD,BUY,BUY,61.1%,657.8,,-0.46
2026-02-23T20:31:05.645945+00:00,BUY,daily_limit,HOLD,BUY,BUY,61.1%,657.8,,-0.46
2026-02-23T20:32:06.798894+00:00,BUY,daily_limit,HOLD,BUY,BUY,61.1%,657.8,,-0.46
2026-02-23T20:33:08.606819+00:00,BUY,daily_limit,HOLD,BUY,BUY,61.1%,657.8,,-0.46
2026-02-23T20:34:09.972019+00:00,BUY,daily_limit,HOLD,BUY,BUY,61.1%,657.8,,-0.46
2026-02-23T20:35:11.070972+00:00,BUY,daily_limit,HOLD,BUY,BUY,61.1%,657.8,,-0.46
2026-02-23T20:36:12.393630+00:00,BUY,daily_limit,HOLD,BUY,BUY,61.1%,657.8,,-0.46
2026-02-23T20:37:13.682736+00:00,BUY,daily_limit,HOLD,BUY,BUY,61.1%,657.8,,-0.46
2026-02-23T20:38:15.130731+00:00,BUY,daily_limit,HOLD,BUY,BUY,61.1%,657.8,,-0.46
2026-02-23T20:39:16.244251+00:00,BUY,daily_limit,HOLD,BUY,BUY,61.1%,657.8,,-0.46
2026-02-23T20:40:17.638541+00:00,BUY,daily_limit,HOLD,BUY,BUY,61.1%,657.8,,-0.46
2026-02-23T20:41:18.995620+00:00,BUY,daily_limit,HOLD,BUY,BUY,61.1%,657.8,,-0.46
2026-02-23T20:42:20.570137+00:00,BUY,daily_limit,HOLD,BUY,BUY,61.1%,657.8,,-0.46
2026-02-23T20:43:21.848299+00:00,BUY,daily_limit,HOLD,BUY,BUY,61.1%,657.8,,-0.46
2026-02-23T20:44:23.152463+00:00,BUY,daily_limit,HOLD,BUY,BUY,61.1%,657.8,,-0.46
2026-02-23T20:45:24.565247+00:00,BUY,daily_limit,HOLD,BUY,BUY,61.1%,657.8,,-0.46
2026-02-23T20:46:25.756950+00:00,BUY,daily_limit,HOLD,BUY,BUY,61.1%,657.8,,-0.46
2026-02-23T20:47:27.031507+00:00,BUY,daily_limit,HOLD,BUY,BUY,61.1%,657.8,,-0.46
2026-02-23T20:48:29.039196+00:00,BUY,daily_limit,HOLD,BUY,BUY,61.1%,657.8,,-0.46
2026-02-23T20:49:30.309696+00:00,BUY,daily_limit,HOLD,BUY,BUY,61.1%,657.8,,-0.46
2026-02-23T20:50:31.582370+00:00,BUY,daily_limit,HOLD,BUY,BUY,61.1%,657.8,,-0.46
2026-02-23T20:51:33.426603+00:00,BUY,daily_limit,HOLD,BUY,BUY,61.1%,657.8,,-0.46
2026-02-23T20:52:34.722068+00:00,BUY,daily_limit,HOLD,BUY,BUY,61.1%,657.8,,-0.46
2026-02-23T20:53:35.982505+00:00,BUY,daily_limit,HOLD,BUY,BUY,61.1%,657.8,,-0.46
2026-02-23T20:54:38.005685+00:00,BUY,daily_limit,HOLD,BUY,BUY,61.1%,657.8,,-0.46
2026-02-23T20:55:39.408734+00:00,BUY,daily_limit,HOLD,BUY,BUY,61.1%,657.8,,-0.46
2026-02-23T20:56:40.487034+00:00,BUY,daily_limit,HOLD,BUY,BUY,61.1%,657.8,,-0.46
2026-02-23T20:57:40.889525+00:00,BUY,daily_limit,HOLD,BUY,BUY,61.1%,657.8,,-0.46
2026-02-23T20:58:41.092701+00:00,BUY,daily_limit,HOLD,BUY,BUY,61.1%,657.8,,-0.46
2026-02-23T20:59:41.293194+00:00,BUY,daily_limit,HOLD,BUY,BUY,61.1%,657.8,,-0.46
2026-02-23T21:00:42.402095+00:00,HOLD,confidence_gate,HOLD,HOLD,HOLD,61.3%,657.8,,
2026-02-23T21:01:42.605911+00:00,HOLD,confidence_gate,HOLD,HOLD,HOLD,61.3%,657.8,,
2026-02-23T21:02:42.802947+00:00,HOLD,confidence_gate,HOLD,HOLD,HOLD,61.3%,657.8,,
2026-02-23T21:03:42.995673+00:00,HOLD,confidence_gate,HOLD,HOLD,HOLD,61.3%,657.8,,
2026-02-23T21:04:43.194928+00:00,HOLD,confidence_gate,HOLD,HOLD,HOLD,61.3%,657.8,,
2026-02-23T21:05:43.414649+00:00,HOLD,confidence_gate,HOLD,HOLD,HOLD,61.3%,657.8,,
2026-02-23T21:06:43.592475+00:00,HOLD,confidence_gate,HOLD,HOLD,HOLD,61.3%,657.8,,
2026-02-23T21:07:43.779573+00:00,HOLD,confidence_gate,HOLD,HOLD,HOLD,61.3%,657.8,,
2026-02-23T21:08:43.993271+00:00,HOLD,confidence_gate,HOLD,HOLD,HOLD,61.3%,657.8,,
2026-02-23T21:09:44.278605+00:00,HOLD,confidence_gate,HOLD,HOLD,HOLD,61.3%,657.8,,
2026-02-23T21:10:44.479393+00:00,HOLD,confidence_gate,HOLD,HOLD,BUY,74.6%,531.2,,
2026-02-23T21:11:44.680348+00:00,HOLD,confidence_gate,HOLD,HOLD,BUY,74.6%,531.2,,
2026-02-23T21:12:44.897780+00:00,HOLD,confidence_gate,HOLD,HOLD,BUY,74.6%,531.2,,
2026-02-23T21:13:45.107771+00:00,HOLD,confidence_gate,HOLD,HOLD,BUY,74.6%,531.2,,
2026-02-23T21:14:45.340113+00:00,HOLD,confidence_gate,HOLD,HOLD,BUY,74.6%,531.2,,
2026-02-23T21:15:45.541671+00:00,HOLD,confidence_gate,HOLD,HOLD,BUY,74.6%,531.2,,
2026-02-23T21:16:45.794309+00:00,HOLD,confidence_gate,HOLD,HOLD,BUY,74.6%,531.2,,
2026-02-23T21:17:45.985286+00:00,HOLD,confidence_gate,HOLD,HOLD,BUY,74.6%,531.2,,
2026-02-23T21:18:46.179660+00:00,HOLD,confidence_gate,HOLD,HOLD,BUY,74.6%,531.2,,
2026-02-23T21:19:46.380386+00:00,HOLD,confidence_gate,HOLD,HOLD,BUY,74.6%,531.2,,
2026-02-23T21:20:46.565356+00:00,HOLD,confidence_gate,HOLD,HOLD,BUY,74.6%,531.2,,
2026-02-23T21:21:46.748182+00:00,HOLD,confidence_gate,HOLD,HOLD,BUY,74.6%,531.2,,
2026-02-23T21:22:46.940038+00:00,HOLD,confidence_gate,HOLD,HOLD,BUY,74.6%,531.2,,
2026-02-23T21:23:47.157515+00:00,HOLD,confidence_gate,HOLD,HOLD,BUY,74.6%,531.2,,
2026-02-23T21:24:47.389228+00:00,HOLD,confidence_gate,HOLD,HOLD,BUY,74.6%,531.2,,
2026-02-23T21:25:47.598755+00:00,HOLD,confidence_gate,HOLD,HOLD,BUY,74.6%,531.2,,
2026-02-23T21:26:47.783588+00:00,HOLD,confidence_gate,HOLD,HOLD,BUY,74.6%,531.2,,
2026-02-23T21:27:47.975601+00:00,HOLD,confidence_gate,HOLD,HOLD,BUY,74.6%,531.2,,
2026-02-23T21:28:48.179207+00:00,HOLD,confidence_gate,HOLD,HOLD,BUY,74.6%,531.2,,
2026-02-23T21:29:48.387340+00:00,HOLD,confidence_gate,HOLD,HOLD,BUY,74.6%,531.2,,
2026-02-23T21:30:48.572743+00:00,HOLD,confidence_gate,HOLD,HOLD,BUY,74.6%,531.2,,
2026-02-23T21:31:48.764295+00:00,HOLD,confidence_gate,HOLD,HOLD,BUY,74.6%,531.2,,
2026-02-23T21:32:48.969066+00:00,HOLD,confidence_gate,HOLD,HOLD,BUY,74.6%,531.2,,
2026-02-23T21:33:49.156081+00:00,HOLD,confidence_gate,HOLD,HOLD,BUY,74.6%,531.2,,
2026-02-23T21:34:49.340256+00:00,HOLD,confidence_gate,HOLD,HOLD,BUY,74.6%,531.2,,
2026-02-23T21:35:49.540758+00:00,HOLD,confidence_gate,HOLD,HOLD,BUY,74.6%,531.2,,
2026-02-23T21:36:49.721661+00:00,HOLD,confidence_gate,HOLD,HOLD,BUY,74.6%,531.2,,
2026-02-23T21:37:49.911982+00:00,HOLD,confidence_gate,HOLD,HOLD,BUY,74.6%,531.2,,
2026-02-23T21:38:50.093107+00:00,HOLD,confidence_gate,HOLD,HOLD,BUY,74.6%,531.2,,
2026-02-23T21:39:50.277465+00:00,HOLD,confidence_gate,HOLD,HOLD,BUY,74.6%,531.2,,
2026-02-23T21:40:50.480060+00:00,HOLD,confidence_gate,HOLD,HOLD,BUY,74.6%,531.2,,
2026-02-23T21:41:50.695591+00:00,HOLD,confidence_gate,HOLD,HOLD,BUY,74.6%,531.2,,
2026-02-23T21:42:50.908274+00:00,HOLD,confidence_gate,HOLD,HOLD,BUY,74.6%,531.2,,
2026-02-23T21:43:51.077729+00:00,HOLD,confidence_gate,HOLD,HOLD,BUY,74.6%,531.2,,
2026-02-23T21:44:51.271279+00:00,HOLD,confidence_gate,HOLD,HOLD,BUY,74.6%,531.2,,
2026-02-23T21:45:51.465135+00:00,HOLD,confidence_gate,HOLD,HOLD,BUY,74.6%,531.2,,
2026-02-23T21:46:51.714395+00:00,HOLD,confidence_gate,HOLD,HOLD,BUY,74.6%,531.2,,
2026-02-23T21:47:51.899453+00:00,HOLD,confidence_gate,HOLD,HOLD,BUY,74.6%,531.2,,
2026-02-23T21:48:52.082981+00:00,HOLD,confidence_gate,HOLD,HOLD,BUY,74.6%,531.2,,
2026-02-23T21:49:52.284582+00:00,HOLD,confidence_gate,HOLD,HOLD,BUY,74.6%,531.2,,
2026-02-23T21:50:52.459857+00:00,HOLD,confidence_gate,HOLD,HOLD,BUY,74.6%,531.2,,
2026-02-23T21:51:52.656321+00:00,HOLD,confidence_gate,HOLD,HOLD,BUY,74.6%,531.2,,
2026-02-23T21:52:52.886464+00:00,HOLD,confidence_gate,HOLD,HOLD,BUY,74.6%,531.2,,
2026-02-23T21:53:53.072477+00:00,HOLD,confidence_gate,HOLD,HOLD,BUY,74.6%,531.2,,
2026-02-23T21:54:53.258767+00:00,HOLD,confidence_gate,HOLD,HOLD,BUY,74.6%,531.2,,
2026-02-23T21:55:53.455989+00:00,HOLD,confidence_gate,HOLD,HOLD,BUY,74.6%,531.2,,
2026-02-23T21:56:53.692274+00:00,HOLD,confidence_gate,HOLD,HOLD,BUY,74.6%,531.2,,
2026-02-23T21:57:53.881543+00:00,HOLD,confidence_gate,HOLD,HOLD,BUY,74.6%,531.2,,
2026-02-23T21:58:54.068174+00:00,HOLD,confidence_gate,HOLD,HOLD,BUY,74.6%,531.2,,
2026-02-23T21:59:54.256067+00:00,HOLD,confidence_gate,HOLD,HOLD,BUY,74.6%,531.2,,
2026-02-23T22:00:56.244808+00:00,HOLD,confidence_gate,HOLD,HOLD,BUY,74.6%,531.2,,
2026-02-23T22:01:56.455039+00:00,HOLD,confidence_gate,HOLD,HOLD,BUY,74.6%,531.2,,
2026-02-23T22:02:56.647716+00:00,HOLD,confidence_gate,HOLD,HOLD,BUY,74.6%,531.2,,
2026-02-23T22:03:56.842427+00:00,HOLD,confidence_gate,HOLD,HOLD,BUY,74.6%,531.2,,
2026-02-23T22:04:57.042072+00:00,HOLD,confidence_gate,HOLD,HOLD,BUY,74.6%,531.2,,
2026-02-23T22:05:57.253039+00:00,HOLD,confidence_gate,HOLD,HOLD,BUY,74.6%,531.2,,
2026-02-23T22:06:57.457174+00:00,HOLD,confidence_gate,HOLD,HOLD,BUY,74.6%,531.2,,
2026-02-23T22:07:57.652079+00:00,HOLD,confidence_gate,HOLD,HOLD,BUY,74.6%,531.2,,
2026-02-23T22:08:57.856451+00:00,HOLD,confidence_gate,HOLD,HOLD,BUY,74.6%,531.2,,
2026-02-23T22:09:58.227349+00:00,HOLD,confidence_gate,HOLD,HOLD,BUY,74.6%,531.2,,
2026-02-23T22:10:58.444763+00:00,HOLD,confidence_gate,HOLD,HOLD,HOLD,66.7%,527.9,,
2026-02-23T22:11:58.656916+00:00,HOLD,confidence_gate,HOLD,HOLD,HOLD,66.7%,527.9,,
2026-02-23T22:12:58.857356+00:00,HOLD,confidence_gate,HOLD,HOLD,HOLD,66.7%,527.9,,
2026-02-23T22:13:59.083380+00:00,HOLD,confidence_gate,HOLD,HOLD,HOLD,66.7%,527.9,,
2026-02-23T22:14:59.359977+00:00,HOLD,confidence_gate,HOLD,HOLD,HOLD,66.7%,527.9,,
2026-02-23T22:15:59.646953+00:00,HOLD,confidence_gate,HOLD,HOLD,HOLD,66.7%,527.9,,
2026-02-23T22:16:59.860088+00:00,HOLD,confidence_gate,HOLD,HOLD,HOLD,66.7%,527.9,,
2026-02-23T22:18:00.074657+00:00,HOLD,confidence_gate,HOLD,HOLD,HOLD,66.7%,527.9,,
2026-02-23T22:19:00.286249+00:00,HOLD,confidence_gate,HOLD,HOLD,HOLD,66.7%,527.9,,
2026-02-23T22:20:00.494488+00:00,HOLD,confidence_gate,HOLD,HOLD,HOLD,66.7%,527.9,,
2026-02-23T22:21:00.687116+00:00,HOLD,confidence_gate,HOLD,HOLD,HOLD,66.7%,527.9,,
2026-02-23T22:22:00.877176+00:00,HOLD,confidence_gate,HOLD,HOLD,HOLD,66.7%,527.9,,
2026-02-23T22:23:01.096888+00:00,HOLD,confidence_gate,HOLD,HOLD,HOLD,66.7%,527.9,,
2026-02-23T22:24:01.300999+00:00,HOLD,confidence_gate,HOLD,HOLD,HOLD,66.7%,527.9,,
2026-02-23T22:25:01.542943+00:00,HOLD,confidence_gate,HOLD,HOLD,HOLD,66.7%,527.9,,
2026-02-23T22:26:01.759343+00:00,HOLD,confidence_gate,HOLD,HOLD,HOLD,66.7%,527.9,,
2026-02-23T22:27:02.929827+00:00,HOLD,confidence_gate,HOLD,HOLD,HOLD,66.7%,527.9,,
2026-02-23T22:28:04.330512+00:00,HOLD,confidence_gate,HOLD,HOLD,HOLD,66.7%,527.9,,
2026-02-23T22:29:04.544275+00:00,HOLD,confidence_gate,HOLD,HOLD,HOLD,66.7%,527.9,,
2026-02-23T22:30:04.779028+00:00,HOLD,confidence_gate,HOLD,HOLD,HOLD,66.7%,527.9,,
2026-02-23T22:31:05.010831+00:00,HOLD,confidence_gate,HOLD,HOLD,HOLD,66.7%,527.9,,
2026-02-23T22:32:05.238570+00:00,HOLD,confidence_gate,HOLD,HOLD,HOLD,66.7%,527.9,,
2026-02-23T22:33:05.476219+00:00,HOLD,confidence_gate,HOLD,HOLD,HOLD,66.7%,527.9,,
2026-02-23T22:34:05.704833+00:00,HOLD,confidence_gate,HOLD,HOLD,HOLD,66.7%,527.9,,
2026-02-23T22:35:05.945619+00:00,HOLD,confidence_gate,HOLD,HOLD,HOLD,66.7%,527.9,,
2026-02-23T22:36:06.175617+00:00,HOLD,confidence_gate,HOLD,HOLD,HOLD,66.7%,527.9,,
2026-02-23T22:37:06.379386+00:00,HOLD,confidence_gate,HOLD,HOLD,HOLD,66.7%,527.9,,
2026-02-23T22:38:06.577690+00:00,HOLD,confidence_gate,HOLD,HOLD,HOLD,66.7%,527.9,,
2026-02-23T22:39:06.803812+00:00,HOLD,confidence_gate,HOLD,HOLD,HOLD,66.7%,527.9,,
2026-02-23T22:40:07.029306+00:00,HOLD,confidence_gate,HOLD,HOLD,HOLD,66.7%,527.9,,
2026-02-23T22:41:14.132578+00:00,HOLD,confidence_gate,HOLD,HOLD,HOLD,66.7%,527.9,,
2026-02-23T22:42:15.253640+00:00,HOLD,confidence_gate,HOLD,HOLD,HOLD,66.7%,527.9,,
2026-02-23T22:43:15.481311+00:00,HOLD,confidence_gate,HOLD,HOLD,HOLD,66.7%,527.9,,
2026-02-23T22:44:15.699779+00:00,HOLD,confidence_gate,HOLD,HOLD,HOLD,66.7%,527.9,,
2026-02-23T22:45:15.901740+00:00,HOLD,confidence_gate,HOLD,HOLD,HOLD,66.7%,527.9,,
2026-02-23T22:46:16.119146+00:00,HOLD,confidence_gate,HOLD,HOLD,HOLD,66.7%,527.9,,
2026-02-23T22:47:16.334364+00:00,HOLD,confidence_gate,HOLD,HOLD,HOLD,66.7%,527.9,,
2026-02-23T22:48:16.532021+00:00,HOLD,confidence_gate,HOLD,HOLD,HOLD,66.7%,527.9,,
2026-02-23T22:49:16.733728+00:00,HOLD,confidence_gate,HOLD,HOLD,HOLD,66.7%,527.9,,
2026-02-23T22:50:16.931966+00:00,HOLD,confidence_gate,HOLD,HOLD,HOLD,66.7%,527.9,,
2026-02-23T22:51:17.115327+00:00,HOLD,confidence_gate,HOLD,HOLD,HOLD,66.7%,527.9,,
2026-02-23T22:52:17.315269+00:00,HOLD,confidence_gate,HOLD,HOLD,HOLD,66.7%,527.9,,
2026-02-23T22:53:17.540655+00:00,HOLD,confidence_gate,HOLD,HOLD,HOLD,66.7%,527.9,,
2026-02-23T22:54:17.741139+00:00,HOLD,confidence_gate,HOLD,HOLD,HOLD,66.7%,527.9,,
2026-02-23T22:55:17.948305+00:00,HOLD,confidence_gate,HOLD,HOLD,HOLD,66.7%,527.9,,
2026-02-23T22:56:18.156406+00:00,HOLD,confidence_gate,HOLD,HOLD,HOLD,66.7%,527.9,,
2026-02-23T22:57:18.350321+00:00,HOLD,confidence_gate,HOLD,HOLD,HOLD,66.7%,527.9,,
2026-02-23T22:58:18.551522+00:00,HOLD,confidence_gate,HOLD,HOLD,HOLD,66.7%,527.9,,
2026-02-23T22:59:18.757449+00:00,HOLD,confidence_gate,HOLD,HOLD,HOLD,66.7%,527.9,,
2026-02-23T23:00:19.798229+00:00,HOLD,confidence_gate,HOLD,HOLD,HOLD,66.7%,527.9,,
2026-02-23T23:01:20.015780+00:00,HOLD,confidence_gate,HOLD,HOLD,HOLD,66.7%,527.9,,
2026-02-23T23:02:20.203357+00:00,HOLD,confidence_gate,HOLD,HOLD,HOLD,66.7%,527.9,,
2026-02-23T23:03:20.407058+00:00,HOLD,confidence_gate,HOLD,HOLD,HOLD,66.7%,527.9,,
2026-02-23T23:04:20.601881+00:00,HOLD,confidence_gate,HOLD,HOLD,HOLD,66.7%,527.9,,
2026-02-23T23:05:20.806910+00:00,HOLD,confidence_gate,HOLD,HOLD,HOLD,66.7%,527.9,,
2026-02-23T23:06:21.016207+00:00,HOLD,confidence_gate,HOLD,HOLD,HOLD,66.7%,527.9,,
2026-02-23T23:07:21.232330+00:00,HOLD,confidence_gate,HOLD,HOLD,HOLD,66.7%,527.9,,
2026-02-23T23:08:21.461050+00:00,HOLD,confidence_gate,HOLD,HOLD,HOLD,66.7%,527.9,,
2026-02-23T23:09:21.674279+00:00,HOLD,confidence_gate,HOLD,HOLD,HOLD,66.7%,527.9,,
2026-02-23T23:10:21.987993+00:00,HOLD,confidence_gate,HOLD,BUY,HOLD,74.9%,595.8,,
2026-02-23T23:11:22.185652+00:00,HOLD,confidence_gate,HOLD,BUY,HOLD,74.9%,595.8,,
2026-02-23T23:12:22.393403+00:00,HOLD,confidence_gate,HOLD,BUY,HOLD,74.9%,595.8,,
2026-02-23T23:13:22.591029+00:00,HOLD,confidence_gate,HOLD,BUY,HOLD,74.9%,595.8,,
2026-02-23T23:14:22.792392+00:00,HOLD,confidence_gate,HOLD,BUY,HOLD,74.9%,595.8,,
2026-02-23T23:15:22.987973+00:00,HOLD,confidence_gate,HOLD,BUY,HOLD,74.9%,595.8,,
2026-02-23T23:16:23.160242+00:00,HOLD,confidence_gate,HOLD,BUY,HOLD,74.9%,595.8,,
2026-02-23T23:17:23.407332+00:00,HOLD,confidence_gate,HOLD,BUY,HOLD,74.9%,595.8,,
2026-02-23T23:18:23.624692+00:00,HOLD,confidence_gate,HOLD,BUY,HOLD,74.9%,595.8,,
2026-02-23T23:19:23.828027+00:00,HOLD,confidence_gate,HOLD,BUY,HOLD,74.9%,595.8,,
2026-02-23T23:20:24.031792+00:00,HOLD,confidence_gate,HOLD,BUY,HOLD,74.9%,595.8,,
2026-02-23T23:21:24.249802+00:00,HOLD,confidence_gate,HOLD,BUY,HOLD,74.9%,595.8,,
2026-02-23T23:22:24.460170+00:00,HOLD,confidence_gate,HOLD,BUY,HOLD,74.9%,595.8,,
2026-02-23T23:23:24.657421+00:00,HOLD,confidence_gate,HOLD,BUY,HOLD,74.9%,595.8,,
2026-02-23T23:24:24.861133+00:00,HOLD,confidence_gate,HOLD,BUY,HOLD,74.9%,595.8,,
2026-02-23T23:25:25.083632+00:00,HOLD,confidence_gate,HOLD,BUY,HOLD,74.9%,595.8,,
2026-02-23T23:26:25.312972+00:00,HOLD,confidence_gate,HOLD,BUY,HOLD,74.9%,595.8,,
2026-02-23T23:27:25.532043+00:00,HOLD,confidence_gate,HOLD,BUY,HOLD,74.9%,595.8,,
2026-02-23T23:28:25.740075+00:00,HOLD,confidence_gate,HOLD,BUY,HOLD,74.9%,595.8,,
2026-02-23T23:29:25.936041+00:00,HOLD,confidence_gate,HOLD,BUY,HOLD,74.9%,595.8,,
2026-02-23T23:30:26.143160+00:00,HOLD,confidence_gate,HOLD,BUY,HOLD,74.9%,595.8,,
2026-02-23T23:31:26.390235+00:00,HOLD,confidence_gate,HOLD,BUY,HOLD,74.9%,595.8,,
2026-02-23T23:32:26.598592+00:00,HOLD,confidence_gate,HOLD,BUY,HOLD,74.9%,595.8,,
2026-02-23T23:33:26.779681+00:00,HOLD,confidence_gate,HOLD,BUY,HOLD,74.9%,595.8,,
2026-02-23T23:34:26.986097+00:00,HOLD,confidence_gate,HOLD,BUY,HOLD,74.9%,595.8,,
2026-02-23T23:35:27.184840+00:00,HOLD,confidence_gate,HOLD,BUY,HOLD,74.9%,595.8,,
2026-02-23T23:36:27.409639+00:00,HOLD,confidence_gate,HOLD,BUY,HOLD,74.9%,595.8,,
2026-02-23T23:37:27.624898+00:00,HOLD,confidence_gate,HOLD,BUY,HOLD,74.9%,595.8,,
2026-02-23T23:38:27.806768+00:00,HOLD,confidence_gate,HOLD,BUY,HOLD,74.9%,595.8,,
2026-02-23T23:39:28.017284+00:00,HOLD,confidence_gate,HOLD,BUY,HOLD,74.9%,595.8,,
2026-02-23T23:40:28.240391+00:00,HOLD,confidence_gate,HOLD,BUY,HOLD,74.9%,595.8,,
2026-02-23T23:41:28.456596+00:00,HOLD,confidence_gate,HOLD,BUY,HOLD,74.9%,595.8,,
2026-02-23T23:42:28.663166+00:00,HOLD,confidence_gate,HOLD,BUY,HOLD,74.9%,595.8,,
2026-02-23T23:43:28.860265+00:00,HOLD,confidence_gate,HOLD,BUY,HOLD,74.9%,595.8,,
2026-02-23T23:44:29.065075+00:00,HOLD,confidence_gate,HOLD,BUY,HOLD,74.9%,595.8,,
2026-02-23T23:45:29.326685+00:00,HOLD,confidence_gate,HOLD,BUY,HOLD,74.9%,595.8,,
2026-02-23T23:46:29.564640+00:00,HOLD,confidence_gate,HOLD,BUY,HOLD,74.9%,595.8,,
2026-02-23T23:47:29.780238+00:00,HOLD,confidence_gate,HOLD,BUY,HOLD,74.9%,595.8,,
2026-02-23T23:48:29.983264+00:00,HOLD,confidence_gate,HOLD,BUY,HOLD,74.9%,595.8,,
2026-02-23T23:49:30.186855+00:00,HOLD,confidence_gate,HOLD,BUY,HOLD,74.9%,595.8,,
2026-02-23T23:50:30.392345+00:00,HOLD,confidence_gate,HOLD,BUY,HOLD,74.9%,595.8,,
2026-02-23T23:51:30.575292+00:00,HOLD,confidence_gate,HOLD,BUY,HOLD,74.9%,595.8,,
2026-02-23T23:52:30.793162+00:00,HOLD,confidence_gate,HOLD,BUY,HOLD,74.9%,595.8,,
2026-02-23T23:53:30.997234+00:00,HOLD,confidence_gate,HOLD,BUY,HOLD,74.9%,595.8,,
2026-02-23T23:54:31.200082+00:00,HOLD,confidence_gate,HOLD,BUY,HOLD,74.9%,595.8,,
2026-02-23T23:55:31.403204+00:00,HOLD,confidence_gate,HOLD,BUY,HOLD,74.9%,595.8,,
2026-02-23T23:56:31.618265+00:00,HOLD,confidence_gate,HOLD,BUY,HOLD,74.9%,595.8,,
2026-02-23T23:57:31.813550+00:00,HOLD,confidence_gate,HOLD,BUY,HOLD,74.9%,595.8,,
2026-02-23T23:58:31.990919+00:00,HOLD,confidence_gate,HOLD,BUY,HOLD,74.9%,595.8,,
2026-02-23T23:59:32.210210+00:00,HOLD,confidence_gate,HOLD,BUY,HOLD,74.9%,595.8,,
2026-02-24T00:00:33.321716+00:00,BUY,daily_limit,HOLD,BUY,BUY,70.0%,595.8,,-1.64
2026-02-24T00:01:33.522338+00:00,BUY,daily_limit,HOLD,BUY,BUY,70.0%,595.8,,-1.64
2026-02-24T00:02:33.713052+00:00,BUY,daily_limit,HOLD,BUY,BUY,70.0%,595.8,,-1.64
2026-02-24T00:03:33.905259+00:00,BUY,daily_limit,HOLD,BUY,BUY,70.0%,595.8,,-1.64
2026-02-24T00:04:34.109510+00:00,BUY,daily_limit,HOLD,BUY,BUY,70.0%,595.8,,-1.64
2026-02-24T00:05:34.307660+00:00,BUY,daily_limit,HOLD,BUY,BUY,70.0%,595.8,,-1.64
2026-02-24T00:06:34.506692+00:00,BUY,daily_limit,HOLD,BUY,BUY,70.0%,595.8,,-1.64
2026-02-24T00:07:34.698666+00:00,BUY,daily_limit,HOLD,BUY,BUY,70.0%,595.8,,-1.64
2026-02-24T00:08:34.899752+00:00,BUY,daily_limit,HOLD,BUY,BUY,70.0%,595.8,,-1.64
2026-02-24T00:09:35.108459+00:00,BUY,daily_limit,HOLD,BUY,BUY,70.0%,595.8,,-1.64
2026-02-24T00:10:35.414968+00:00,BUY,daily_limit,HOLD,BUY,BUY,77.0%,613.1,,-1.53
2026-02-24T00:11:35.619788+00:00,BUY,daily_limit,HOLD,BUY,BUY,77.0%,613.1,,-1.53
2026-02-24T00:12:35.847067+00:00,BUY,daily_limit,HOLD,BUY,BUY,77.0%,613.1,,-1.53
2026-02-24T00:13:36.064053+00:00,BUY,daily_limit,HOLD,BUY,BUY,77.0%,613.1,,-1.53
2026-02-24T00:14:36.266849+00:00,BUY,daily_limit,HOLD,BUY,BUY,77.0%,613.1,,-1.53
2026-02-24T00:15:36.465054+00:00,BUY,daily_limit,HOLD,BUY,BUY,77.0%,613.1,,-1.53
2026-02-24T00:16:36.686467+00:00,BUY,daily_limit,HOLD,BUY,BUY,77.0%,613.1,,-1.53
2026-02-24T00:17:36.916522+00:00,BUY,daily_limit,HOLD,BUY,BUY,77.0%,613.1,,-1.53
2026-02-24T00:18:37.112934+00:00,BUY,daily_limit,HOLD,BUY,BUY,77.0%,613.1,,-1.53
2026-02-24T00:19:37.310271+00:00,BUY,daily_limit,HOLD,BUY,BUY,77.0%,613.1,,-1.53
2026-02-24T00:20:37.510918+00:00,BUY,daily_limit,HOLD,BUY,BUY,77.0%,613.1,,-1.53
2026-02-24T00:21:37.708235+00:00,BUY,daily_limit,HOLD,BUY,BUY,77.0%,613.1,,-1.53
2026-02-24T00:22:37.898038+00:00,BUY,daily_limit,HOLD,BUY,BUY,77.0%,613.1,,-1.53
2026-02-24T00:23:38.064767+00:00,BUY,daily_limit,HOLD,BUY,BUY,77.0%,613.1,,-1.53
2026-02-24T00:24:38.264518+00:00,BUY,daily_limit,HOLD,BUY,BUY,77.0%,613.1,,-1.53
2026-02-24T00:25:38.479263+00:00,BUY,daily_limit,HOLD,BUY,BUY,77.0%,613.1,,-1.53
2026-02-24T00:26:38.684964+00:00,BUY,daily_limit,HOLD,BUY,BUY,77.0%,613.1,,-1.53
2026-02-24T00:27:38.872752+00:00,BUY,daily_limit,HOLD,BUY,BUY,77.0%,613.1,,-1.53
2026-02-24T00:28:39.084301+00:00,BUY,daily_limit,HOLD,BUY,BUY,77.0%,613.1,,-1.53
2026-02-24T00:29:39.302491+00:00,BUY,daily_limit,HOLD,BUY,BUY,77.0%,613.1,,-1.53
2026-02-24T00:30:39.498453+00:00,BUY,daily_limit,HOLD,BUY,BUY,77.0%,613.1,,-1.53
2026-02-24T00:31:39.688626+00:00,BUY,daily_limit,HOLD,BUY,BUY,77.0%,613.1,,-1.53
2026-02-24T00:32:39.899802+00:00,BUY,daily_limit,HOLD,BUY,BUY,77.0%,613.1,,-1.53
2026-02-24T00:33:40.099521+00:00,BUY,daily_limit,HOLD,BUY,BUY,77.0%,613.1,,-1.53
2026-02-24T00:34:40.289912+00:00,BUY,daily_limit,HOLD,BUY,BUY,77.0%,613.1,,-1.53
2026-02-24T00:35:40.491103+00:00,BUY,daily_limit,HOLD,BUY,BUY,77.0%,613.1,,-1.53
2026-02-24T00:36:40.701875+00:00,BUY,daily_limit,HOLD,BUY,BUY,77.0%,613.1,,-1.53
2026-02-24T00:37:40.889207+00:00,BUY,daily_limit,HOLD,BUY,BUY,77.0%,613.1,,-1.53
2026-02-24T00:38:41.086122+00:00,BUY,daily_limit,HOLD,BUY,BUY,77.0%,613.1,,-1.53
2026-02-24T00:39:41.289566+00:00,BUY,daily_limit,HOLD,BUY,BUY,77.0%,613.1,,-1.53
2026-02-24T00:40:41.488442+00:00,BUY,daily_limit,HOLD,BUY,BUY,77.0%,613.1,,-1.53
2026-02-24T00:41:41.700624+00:00,BUY,daily_limit,HOLD,BUY,BUY,77.0%,613.1,,-1.53
2026-02-24T00:42:41.918496+00:00,BUY,daily_limit,HOLD,BUY,BUY,77.0%,613.1,,-1.53
2026-02-24T00:43:42.150475+00:00,BUY,daily_limit,HOLD,BUY,BUY,77.0%,613.1,,-1.53
2026-02-24T00:44:42.352103+00:00,BUY,daily_limit,HOLD,BUY,BUY,77.0%,613.1,,-1.53
2026-02-24T00:45:42.547385+00:00,BUY,daily_limit,HOLD,BUY,BUY,77.0%,613.1,,-1.53
2026-02-24T00:46:42.781976+00:00,BUY,daily_limit,HOLD,BUY,BUY,77.0%,613.1,,-1.53
2026-02-24T00:47:43.117557+00:00,BUY,daily_limit,HOLD,BUY,BUY,77.0%,613.1,,-1.53
2026-02-24T00:48:43.345287+00:00,BUY,daily_limit,HOLD,BUY,BUY,77.0%,613.1,,-1.53
2026-02-24T00:49:43.610982+00:00,BUY,daily_limit,HOLD,BUY,BUY,77.0%,613.1,,-1.53
2026-02-24T00:50:43.838134+00:00,BUY,daily_limit,HOLD,BUY,BUY,77.0%,613.1,,-1.53
2026-02-24T00:51:44.037760+00:00,BUY,daily_limit,HOLD,BUY,BUY,77.0%,613.1,,-1.53
2026-02-24T00:52:44.249999+00:00,BUY,daily_limit,HOLD,BUY,BUY,77.0%,613.1,,-1.53
2026-02-24T00:53:44.462805+00:00,BUY,daily_limit,HOLD,BUY,BUY,77.0%,613.1,,-1.53
2026-02-24T00:54:44.674920+00:00,BUY,daily_limit,HOLD,BUY,BUY,77.0%,613.1,,-1.53
2026-02-24T00:55:44.895298+00:00,BUY,daily_limit,HOLD,BUY,BUY,77.0%,613.1,,-1.53
2026-02-24T00:56:45.068590+00:00,BUY,daily_limit,HOLD,BUY,BUY,77.0%,613.1,,-1.53
2026-02-24T00:57:45.270104+00:00,BUY,daily_limit,HOLD,BUY,BUY,77.0%,613.1,,-1.53
2026-02-24T00:58:45.479801+00:00,BUY,daily_limit,HOLD,BUY,BUY,77.0%,613.1,,-1.53
2026-02-24T00:59:45.689856+00:00,BUY,daily_limit,HOLD,BUY,BUY,77.0%,613.1,,-1.53
2026-02-24T01:00:46.718901+00:00,BUY,daily_limit,HOLD,BUY,BUY,77.0%,613.1,,-1.53
2026-02-24T01:01:46.925902+00:00,BUY,daily_limit,HOLD,BUY,BUY,77.0%,613.1,,-1.53
2026-02-24T01:02:47.091887+00:00,BUY,daily_limit,HOLD,BUY,BUY,77.0%,613.1,,-1.53
2026-02-24T01:03:47.300911+00:00,BUY,daily_limit,HOLD,BUY,BUY,77.0%,613.1,,-1.53
2026-02-24T01:04:47.512038+00:00,BUY,daily_limit,HOLD,BUY,BUY,77.0%,613.1,,-1.53
2026-02-24T01:05:47.699615+00:00,BUY,daily_limit,HOLD,BUY,BUY,77.0%,613.1,,-1.53
2026-02-24T01:06:47.899987+00:00,BUY,daily_limit,HOLD,BUY,BUY,77.0%,613.1,,-1.53
2026-02-24T01:07:48.093189+00:00,BUY,daily_limit,HOLD,BUY,BUY,77.0%,613.1,,-1.53
2026-02-24T01:08:48.282415+00:00,BUY,daily_limit,HOLD,BUY,BUY,77.0%,613.1,,-1.53
2026-02-24T01:09:48.579788+00:00,BUY,daily_limit,HOLD,BUY,BUY,77.0%,613.1,,-1.53
2026-02-24T01:10:48.915129+00:00,BUY,daily_limit,BUY,BUY,BUY,88.8%,638.9,,-1.64
2026-02-24T01:11:49.102465+00:00,BUY,daily_limit,BUY,BUY,BUY,88.8%,638.9,,-1.64
2026-02-24T01:12:49.302595+00:00,BUY,daily_limit,BUY,BUY,BUY,88.8%,638.9,,-1.64
2026-02-24T01:13:49.503035+00:00,BUY,daily_limit,BUY,BUY,BUY,88.8%,638.9,,-1.64
2026-02-24T01:14:49.694935+00:00,BUY,daily_limit,BUY,BUY,BUY,88.8%,638.9,,-1.64
2026-02-24T01:15:49.891674+00:00,BUY,daily_limit,BUY,BUY,BUY,88.8%,638.9,,-1.64
2026-02-24T01:16:56.859607+00:00,BUY,daily_limit,BUY,BUY,BUY,88.8%,638.9,,-1.64
2026-02-24T01:17:57.883234+00:00,BUY,daily_limit,BUY,BUY,BUY,88.8%,638.9,,-1.64
2026-02-24T01:18:58.105604+00:00,BUY,daily_limit,BUY,BUY,BUY,88.8%,638.9,,-1.64
2026-02-24T01:19:58.320460+00:00,BUY,daily_limit,BUY,BUY,BUY,88.8%,638.9,,-1.64
2026-02-24T01:20:58.517701+00:00,BUY,daily_limit,BUY,BUY,BUY,88.8%,638.9,,-1.64
2026-02-24T01:21:58.764742+00:00,BUY,daily_limit,BUY,BUY,BUY,88.8%,638.9,,-1.64
2026-02-24T01:22:58.947541+00:00,BUY,daily_limit,BUY,BUY,BUY,88.8%,638.9,,-1.64
2026-02-24T01:23:59.156438+00:00,BUY,daily_limit,BUY,BUY,BUY,88.8%,638.9,,-1.64
2026-02-24T01:24:59.443511+00:00,BUY,daily_limit,BUY,BUY,BUY,88.8%,638.9,,-1.64
2026-02-24T01:25:59.695311+00:00,BUY,daily_limit,BUY,BUY,BUY,88.8%,638.9,,-1.64
2026-02-24T01:26:59.914947+00:00,BUY,daily_limit,BUY,BUY,BUY,88.8%,638.9,,-1.64
2026-02-24T01:28:00.172615+00:00,BUY,daily_limit,BUY,BUY,BUY,88.8%,638.9,,-1.64
2026-02-24T01:29:00.375993+00:00,BUY,daily_limit,BUY,BUY,BUY,88.8%,638.9,,-1.64
2026-02-24T01:30:03.251325+00:00,BUY,daily_limit,BUY,BUY,BUY,88.8%,638.9,,-1.64
2026-02-24T01:31:07.036965+00:00,BUY,daily_limit,BUY,BUY,BUY,88.8%,638.9,,-1.64
2026-02-24T01:32:10.630608+00:00,BUY,daily_limit,BUY,BUY,BUY,88.8%,638.9,,-1.64
2026-02-24T01:33:12.825543+00:00,BUY,daily_limit,BUY,BUY,BUY,88.8%,638.9,,-1.64
2026-02-24T01:34:15.737047+00:00,BUY,daily_limit,BUY,BUY,BUY,88.8%,638.9,,-1.64
2026-02-24T01:35:18.842855+00:00,BUY,daily_limit,BUY,BUY,BUY,88.8%,638.9,,-1.64
2026-02-24T01:36:20.945248+00:00,BUY,daily_limit,BUY,BUY,BUY,88.8%,638.9,,-1.64
2026-02-24T01:37:22.458317+00:00,BUY,daily_limit,BUY,BUY,BUY,88.8%,638.9,,-1.64
2026-02-24T01:38:32.309429+00:00,BUY,daily_limit,BUY,BUY,BUY,88.8%,638.9,,-1.64
2026-02-24T01:39:35.943020+00:00,BUY,daily_limit,BUY,BUY,BUY,88.8%,638.9,,-1.64
2026-02-24T01:40:39.072489+00:00,BUY,daily_limit,BUY,BUY,BUY,88.8%,638.9,,-1.64
2026-02-24T01:41:40.797507+00:00,BUY,daily_limit,BUY,BUY,BUY,88.8%,638.9,,-1.64
2026-02-24T01:42:41.904176+00:00,BUY,daily_limit,BUY,BUY,BUY,88.8%,638.9,,-1.64
2026-02-24T01:43:43.623653+00:00,BUY,daily_limit,BUY,BUY,BUY,88.8%,638.9,,-1.64
2026-02-24T01:44:44.992916+00:00,BUY,daily_limit,BUY,BUY,BUY,88.8%,638.9,,-1.64
2026-02-24T01:45:46.055418+00:00,BUY,daily_limit,BUY,BUY,BUY,88.8%,638.9,,-1.64
2026-02-24T01:46:47.275193+00:00,BUY,daily_limit,BUY,BUY,BUY,88.8%,638.9,,-1.64
2026-02-24T01:47:48.291545+00:00,BUY,daily_limit,BUY,BUY,BUY,88.8%,638.9,,-1.64
2026-02-24T01:48:48.830910+00:00,BUY,daily_limit,BUY,BUY,BUY,88.8%,638.9,,-1.64
2026-02-24T01:49:49.056783+00:00,BUY,daily_limit,BUY,BUY,BUY,88.8%,638.9,,-1.64
2026-02-24T01:50:49.283514+00:00,BUY,daily_limit,BUY,BUY,BUY,88.8%,638.9,,-1.64
2026-02-24T01:51:55.961697+00:00,BUY,daily_limit,BUY,BUY,BUY,88.8%,638.9,,-1.64
2026-02-24T01:52:59.287482+00:00,BUY,daily_limit,BUY,BUY,BUY,88.8%,638.9,,-1.64
2026-02-24T01:54:03.152499+00:00,BUY,daily_limit,BUY,BUY,BUY,88.8%,638.9,,-1.64
